row_id,CustomerID,Title,FirstName,MiddleName,LastName,Country,EmailAddress,Phone,LastUpdated
1,1,Mr.,Orlando,N.,Gee,USA,orlando0@adventure-works.com,245-555-0173,10/20/2024
2,2,Mr.,Keith,,Harris,USA,keith0@adventure-works.com,170-555-0127,10/20/2024
3,3,Ms.,Donna,F.,Carreras,USA,donna0@adventure-works.com,279-555-0130,10/20/2024
4,4,Ms.,Janet,M.,Gates,USA,janet1@adventure-works.com,710-555-0173,10/20/2024
5,5,Mr.,Lucy,,Harrington,USA,lucy0@adventure-works.com,828-555-0186,10/20/2024
6,6,Ms.,Rosmarie,J.,Carroll,USA,rosmarie0@adventure-works.com,244-555-0112,10/20/2024
7,7,Mr.,Dominic,P.,Gash,USA,dominic0@adventure-works.com,192-555-0173,10/20/2024
8,10,Ms.,Kathleen,M.,Garza,USA,kathleen0@adventure-works.com,150-555-0127,10/20/2024
9,11,Ms.,Katherine,,Harding,USA,katherine0@adventure-works.com,926-555-0159,10/20/2024
10,12,Mr.,Johnny,A.,Caprio,USA,johnny0@adventure-works.com,112-555-0191,10/20/2024
11,16,Mr.,Christopher,R.,Beck,USA,christopher1@adventure-works.com,1 (11) 500 555-0132,10/20/2024
12,18,Mr.,David,J.,Liu,USA,david20@adventure-works.com,440-555-0132,10/20/2024
13,19,Mr.,John,A.,Beaver,USA,john8@adventure-works.com,521-555-0195,10/20/2024
14,20,Ms.,Jean,P.,Handley,USA,jean1@adventure-works.com,582-555-0113,10/20/2024
15,21,,Jinghao,,Liu,USA,jinghao1@adventure-works.com,928-555-0116,10/20/2024
16,22,Ms.,Linda,E.,Burnett,USA,linda4@adventure-works.com,121-555-0121,10/20/2024
17,23,Mr.,Kerim,,Hanif,USA,kerim0@adventure-works.com,216-555-0122,10/20/2024
18,24,Mr.,Kevin,,Liu,USA,kevin5@adventure-works.com,926-555-0164,10/20/2024
19,25,Mr.,Donald,L.,Blanton,USA,donald0@adventure-works.com,357-555-0161,10/20/2024
20,28,Ms.,Jackie,E.,Blackwell,USA,jackie0@adventure-works.com,972-555-0163,10/20/2024
21,29,Mr.,Bryan,,Hamilton,USA,bryan2@adventure-works.com,344-555-0144,10/20/2024
22,30,Mr.,Todd,R.,Logan,USA,todd0@adventure-works.com,783-555-0110,10/20/2024
23,34,Ms.,Barbara,J.,German,USA,barbara4@adventure-works.com,1 (11) 500 555-0181,10/20/2024
24,37,Mr.,Jim,,Geist,USA,jim1@adventure-works.com,724-555-0161,10/20/2024
25,38,Ms.,Betty,M.,Haines,USA,betty0@adventure-works.com,867-555-0114,10/20/2024
26,39,Ms.,Sharon,J.,Looney,USA,sharon2@adventure-works.com,377-555-0132,10/20/2024
27,40,Mr.,Darren,,Gehring,USA,darren0@adventure-works.com,417-555-0182,10/20/2024
28,41,Ms.,Erin,M.,Hagens,USA,erin1@adventure-works.com,244-555-0127,10/20/2024
29,42,Mr.,Jeremy,,Los,USA,jeremy0@adventure-works.com,911-555-0165,10/20/2024
30,43,Ms.,Elsa,,Leavitt,USA,elsa0@adventure-works.com,482-555-0174,10/20/2024
31,46,Mr.,David,O,Lawrence,USA,david19@adventure-works.com,653-555-0159,10/20/2024
32,47,Ms.,Hattie,J.,Haemon,USA,hattie0@adventure-works.com,141-555-0172,10/20/2024
33,48,Ms.,Anita,R.,Lucerne,USA,anita0@adventure-works.com,164-555-0118,10/20/2024
34,52,Ms.,Rebecca,,Laszlo,USA,rebecca2@adventure-works.com,1 (11) 500 555-0155,10/20/2024
35,55,Mr.,Eric,,Lang,USA,eric6@adventure-works.com,932-555-0163,10/20/2024
36,56,Mr.,Brian,,Groth,USA,brian5@adventure-works.com,461-555-0118,10/20/2024
37,57,Ms.,Judy,R.,Lundahl,USA,judy1@adventure-works.com,260-555-0130,10/20/2024
38,58,Mr.,Peter,,Kurniawan,USA,peter4@adventure-works.com,436-555-0160,10/20/2024
39,59,Mr.,Douglas,,Groncki,USA,douglas2@adventure-works.com,385-555-0140,10/20/2024
40,60,Mr.,Sean,J.,Lunt,USA,sean4@adventure-works.com,183-555-0111,10/20/2024
41,61,Mr.,Jeffrey,,Kurtz,USA,jeffrey3@adventure-works.com,452-555-0179,10/20/2024
42,64,Mr.,Vamsi,,Kuppa,USA,vamsi1@adventure-works.com,290-555-0196,10/20/2024
43,65,Ms.,Jane,P.,Greer,USA,jane2@adventure-works.com,737-555-0163,10/20/2024
44,66,Mr.,Alexander,J.,Deborde,USA,alexander1@adventure-works.com,394-555-0176,10/20/2024
45,70,Mr.,Deepak,,Kumar,USA,deepak0@adventure-works.com,1 (11) 500 555-0122,10/20/2024
46,73,Ms.,Margaret,T.,Krupka,USA,margaret1@adventure-works.com,107-555-0132,10/20/2024
47,74,Mr.,Christopher,M.,Bright,USA,christopher2@adventure-works.com,162-555-0166,10/20/2024
48,75,Ms.,Aidan,,Delaney,USA,aidan0@adventure-works.com,358-555-0188,10/20/2024
49,76,Mr.,James,J.,Krow,USA,james11@adventure-works.com,265-555-0190,10/20/2024
50,77,Mr.,Michael,,Brundage,USA,michael13@adventure-works.com,128-555-0148,10/20/2024
51,78,Mr.,Stefan,,Delmarco,USA,stefan0@adventure-works.com,819-555-0186,10/20/2024
52,79,Mr.,Mitch,,Kennedy,USA,mitch0@adventure-works.com,996-555-0192,10/20/2024
53,82,Mr.,James,D.,Kramer,USA,james10@adventure-works.com,814-555-0130,10/20/2024
54,83,Mr.,Eric,J.,Brumfield,USA,eric3@adventure-works.com,644-555-0114,10/20/2024
55,84,Ms.,Della,F.,Demott Jr,USA,della0@adventure-works.com,752-555-0185,10/20/2024
56,88,Ms.,Pamala,M.,Kotc,USA,pamala0@adventure-works.com,1 (11) 500 555-0173,10/20/2024
57,91,Ms.,Joy,R.,Koski,USA,joy0@adventure-works.com,810-555-0198,10/20/2024
58,92,Ms.,Jovita,A.,Carmody,USA,jovita0@adventure-works.com,646-555-0137,10/20/2024
59,93,Mr.,Prashanth,,Desai,USA,prashanth0@adventure-works.com,138-555-0156,10/20/2024
60,94,Mr.,Scott,,Konersmann,USA,scott6@adventure-works.com,556-555-0192,10/20/2024
61,95,Ms.,Jane,N.,Carmichael,USA,jane0@adventure-works.com,716-555-0167,10/20/2024
62,96,Ms.,Bonnie,B.,Lepro,USA,bonnie2@adventure-works.com,354-555-0130,10/20/2024
63,97,Mr.,Eugene,,Kogan,USA,eugene2@adventure-works.com,136-555-0134,10/20/2024
64,100,Mr.,Kirk,T,King,USA,kirk2@adventure-works.com,979-555-0163,10/20/2024
65,101,Mr.,William,J.,Conner,USA,william1@adventure-works.com,383-555-0111,10/20/2024
66,102,Ms.,Linda,,Leste,USA,linda7@adventure-works.com,493-555-0134,10/20/2024
67,106,Ms.,Andrea,A.,Thomsen,USA,andrea1@adventure-works.com,1 (11) 500 555-0120,10/20/2024
68,109,Mr.,Daniel,P.,Thompson,CAN,daniel2@adventure-works.com,247-555-0197,10/20/2024
69,110,Ms.,Kendra,N.,Thompson,CAN,kendra0@adventure-works.com,464-555-0188,10/20/2024
70,111,Mr.,Scott,A.,Colvin,CAN,scott1@adventure-works.com,119-555-0144,10/20/2024
71,112,Ms.,Elsie,L.,Lewin,CAN,elsie0@adventure-works.com,803-555-0116,10/20/2024
72,113,Mr.,Donald,M.,Thompson,CAN,donald1@adventure-works.com,273-555-0111,10/20/2024
73,114,Mr.,John,L.,Colon,CAN,john14@adventure-works.com,397-555-0144,10/20/2024
74,115,Mr.,George,Z.,Li,CAN,george3@adventure-works.com,699-555-0183,10/20/2024
75,118,Mr.,Yale,,Li,CAN,yale0@adventure-works.com,316-555-0138,10/20/2024
76,119,Ms.,Phyllis,A.,Thomas,CAN,phyllis2@adventure-works.com,667-555-0112,10/20/2024
77,120,Mr.,Pat,,Coleman,CAN,pat2@adventure-works.com,292-555-0128,10/20/2024
78,124,Ms.,Yuhong,,Li,CAN,yuhong1@adventure-works.com,1 (11) 500 555-0176,10/20/2024
79,127,Mr.,Joseph,M.,Lique,CAN,joseph2@adventure-works.com,119-555-0195,10/20/2024
80,128,Ms.,Judy,J.,Thames,CAN,judy3@adventure-works.com,799-555-0118,10/20/2024
81,129,Ms.,Connie,L.,Coffman,CAN,connie0@adventure-works.com,426-555-0181,10/20/2024
82,130,Mr.,Paulo,H.,Lisboa,CAN,paulo0@adventure-works.com,380-555-0116,10/20/2024
83,131,Ms.,Vanessa,J.,Tench,CAN,vanessa0@adventure-works.com,785-555-0163,10/20/2024
84,132,Ms.,Teanna,M.,Cobb,CAN,teanna0@adventure-works.com,661-555-0168,10/20/2024
85,133,Mr.,Michael,,Graff,CAN,michael16@adventure-works.com,132-555-0150,10/20/2024
86,136,Mr.,Derek,,Graham,CAN,derek0@adventure-works.com,674-555-0187,10/20/2024
87,137,,Gytis,M,Barzdukas,CAN,gytis0@adventure-works.com,257-555-0119,10/20/2024
88,138,Ms.,Jane,,Clayton,CAN,jane1@adventure-works.com,206-555-0195,10/20/2024
89,142,Mr.,Jon,,Grande,CAN,jon1@adventure-works.com,1 (11) 500 555-0114,10/20/2024
90,145,Mr.,Ted,,Bremer,CAN,ted0@adventure-works.com,962-555-0166,10/20/2024
91,146,Mr.,Richard,,Bready,CAN,richard1@adventure-works.com,340-555-0131,10/20/2024
92,147,Ms.,Alice,,Clark,CAN,alice1@adventure-works.com,221-555-0141,10/20/2024
93,148,Mr.,Alan,,Brewer,CAN,alan1@adventure-works.com,494-555-0134,10/20/2024
94,149,Mr.,Cornelius,L.,Brandon,CAN,cornelius0@adventure-works.com,229-555-0114,10/20/2024
95,150,Ms.,Jill,J.,Christie,CAN,jill1@adventure-works.com,927-555-0198,10/20/2024
96,151,Mr.,Walter,J.,Brian,CAN,walter0@adventure-works.com,163-555-0155,10/20/2024
97,154,Mr.,Carlton,M.,Carlisle,CAN,carlton0@adventure-works.com,193-555-0116,10/20/2024
98,155,Mr.,Joseph,N.,Castellucio,CAN,joseph1@adventure-works.com,180-555-0114,10/20/2024
99,156,Mr.,Lester,J.,Bowman,CAN,lester0@adventure-works.com,844-555-0112,10/20/2024
100,160,Ms.,Brigid,F.,Cavendish,CAN,brigid0@adventure-works.com,1 (11) 500 555-0178,10/20/2024
101,163,Mr.,Andrew,,Cencini,CAN,andrew2@adventure-works.com,644-555-0111,10/20/2024
102,164,Ms.,Cindy,M.,Dodd,CAN,cindy0@adventure-works.com,706-555-0140,10/20/2024
103,165,Mr.,Randall,,Boseman,CAN,randall0@adventure-works.com,383-555-0117,10/20/2024
104,166,Ms.,Stacey,M.,Cereghino,CAN,stacey0@adventure-works.com,351-555-0131,10/20/2024
105,167,Mr.,Blaine,,Dockter,CAN,blaine0@adventure-works.com,156-555-0187,10/20/2024
106,168,Sr.,Luis,,Bonifaz,CAN,luis0@adventure-works.com,688-555-0113,10/20/2024
107,169,Ms.,Brenda,,Diaz,CAN,brenda2@adventure-works.com,147-555-0192,10/20/2024
108,172,Ms.,Gabriele,,Dickmann,CAN,gabriele0@adventure-works.com,835-555-0116,10/20/2024
109,173,Mr.,Rudolph,J.,Dillon,CAN,rudolph0@adventure-works.com,722-555-0169,10/20/2024
110,174,Mr.,Michael,L.,Bohling,CAN,michael12@adventure-works.com,838-555-0147,10/20/2024
111,178,Mr.,Dick,,Dievendorff,CAN,dick1@adventure-works.com,1 (11) 500 555-0193,10/20/2024
112,180,Ms.,Nicky,E.,Chesnut,CAN,nicky0@adventure-works.com,264-555-0164,10/20/2024
113,181,Mr.,Michael,J.,Lee,CAN,michael18@adventure-works.com,396-555-0139,10/20/2024
114,182,Mr.,Stanley,A.,Alan,CAN,stanley0@adventure-works.com,156-555-0126,10/20/2024
115,183,Mr.,Yao-Qiang,,Cheng,CAN,yao-qiang0@adventure-works.com,344-555-0181,10/20/2024
116,184,Ms.,Marjorie,M.,Lee,CAN,marjorie0@adventure-works.com,306-555-0166,10/20/2024
117,185,Mr.,Sandeep,,Kaliyath,CAN,sandeep1@adventure-works.com,495-555-0113,10/20/2024
118,186,Mr.,Pei,,Chow,CAN,pei0@adventure-works.com,789-555-0184,10/20/2024
119,187,Mr.,CADnk,,Campbell,CAN,CADnk4@adventure-works.com,491-555-0132,10/20/2024
120,190,Mr.,Mark,,Lee,CAN,mark5@adventure-works.com,371-555-0112,10/20/2024
121,191,Ms.,Sandra,T.,Kitt,CAN,sandra2@adventure-works.com,303-555-0117,10/20/2024
122,192,Mr.,Hao,,Chen,CAN,hao1@adventure-works.com,117-555-0173,10/20/2024
123,196,Ms.,Jolie,,Lenehan,CAN,jolie0@adventure-works.com,1 (11) 500 555-0126,10/20/2024
124,197,Ms.,Diane,F.,Krane,CAN,adventure-works\michael9,diane4@adventure-works.com,10/20/2024
125,198,Mr.,Payton,P.,Benson,CAN,payton0@adventure-works.com,528-555-0183,10/20/2024
126,199,Mr.,Roger,,Lengel,CAN,roger1@adventure-works.com,947-555-0143,10/20/2024
127,200,Ms.,Peggy,J.,Justice,CAN,peggy0@adventure-works.com,170-555-0189,10/20/2024
128,201,Ms.,Edna,J.,Benson,CAN,edna0@adventure-works.com,789-555-0189,10/20/2024
129,202,,A.,CADncesca,Leonetti,CAN,a0@adventure-works.com,645-555-0193,10/20/2024
130,203,Ms.,Jean,,Jordan,CAN,jean3@adventure-works.com,207-555-0129,10/20/2024
131,204,Mr.,Ido,,Ben-Sachar,CAN,ido0@adventure-works.com,973-555-0112,10/20/2024
132,205,Mr.,CADnk,,Mart¡nez,CAN,CADnk5@adventure-works.com,171-555-0147,10/20/2024
133,208,Mr.,Steve,,Masters,CAN,steve2@adventure-works.com,154-555-0115,10/20/2024
134,209,Mr.,Robert,E.,Jones,CAN,robert6@adventure-works.com,595-555-0131,10/20/2024
135,210,Mr.,Josh,,Barnhill,CAN,josh0@adventure-works.com,584-555-0192,10/20/2024
136,214,Ms.,Jennifer,J.,Maxham,CAN,jennifer1@adventure-works.com,1 (11) 500 555-0175,10/20/2024
137,217,Mr.,Chris,,Maxwell,CAN,chris6@adventure-works.com,642-555-0187,10/20/2024
138,218,Mr.,David,,Johnson,CAN,david18@adventure-works.com,476-555-0139,10/20/2024
139,219,Mr.,Brian,,Johnson,CAN,brian6@adventure-works.com,320-555-0134,10/20/2024
140,220,Mr.,Robert,,Brown,CAN,robert5@adventure-works.com,575-555-0189,10/20/2024
141,221,Ms.,Sandra,B.,Maynard,CAN,sandra4@adventure-works.com,993-555-0179,10/20/2024
142,222,Mr.,Barry,,Johnson,CAN,barry1@adventure-works.com,858-555-0140,10/20/2024
143,223,Ms.,Joyce,,Jarvis,CAN,joyce0@adventure-works.com,458-555-0179,10/20/2024
144,226,Ms.,Vance,P.,Johns,CAN,vance0@adventure-works.com,103-555-0151,10/20/2024
145,227,Ms.,Robin,M.,McGuigan,CAN,adventure-works\josé1,robin0@adventure-works.com,10/20/2024
146,228,Ms.,Danielle,B.,Johnson,CAN,danielle1@adventure-works.com,356-555-0190,10/20/2024
147,232,Mr.,David,,Jaffe,CAN,david17@adventure-works.com,1 (11) 500 555-0140,10/20/2024
148,235,Ms.,Mary,,Alexander,CAN,mary7@adventure-works.com,344-555-0133,10/20/2024
149,236,Ms.,Lola,M.,McCarthy,CAN,lola0@adventure-works.com,173-555-0151,10/20/2024
150,237,Ms.,Mary,K.,Browning,CAN,mary5@adventure-works.com,658-555-0146,10/20/2024
151,238,Ms.,Jodan,M.,Jacobson,CAN,jodan0@adventure-works.com,652-555-0189,10/20/2024
152,239,Ms.,Jane,A.,McCarty,CAN,jane3@adventure-works.com,529-555-0195,10/20/2024
153,240,Mr.,Jessie,E.,Valerio,CAN,jessie0@adventure-works.com,103-555-0179,10/20/2024
154,241,Mr.,Eric,A.,Jacobsen,CAN,eric5@adventure-works.com,703-555-0120,10/20/2024
155,244,Mr.,Bronson,R.,Jacobs,CAN,bronson0@adventure-works.com,697-555-0131,10/20/2024
156,245,Mr.,James,L.,McCoy,CAN,james12@adventure-works.com,191-555-0151,10/20/2024
157,246,Ms.,Esther,K.,Valle,CAN,esther0@adventure-works.com,481-555-0131,10/20/2024
158,250,Ms.,Denean,J.,Ison,CAN,denean0@adventure-works.com,1 (11) 500 555-0127,10/20/2024
159,253,Mr.,Erik,,Ismert,CAN,erik0@adventure-works.com,116-555-0163,10/20/2024
160,254,Mr.,Robert,M.,Bernacchi,CAN,robert4@adventure-works.com,449-555-0176,10/20/2024
161,255,Mr.,Sunil,,Uppal,CAN,sunil0@adventure-works.com,184-555-0187,10/20/2024
162,256,Mr.,Richard,L.,Irwin,CAN,richard4@adventure-works.com,367-555-0124,10/20/2024
163,257,Mr.,Matthias,,Berndt,CAN,matthias1@adventure-works.com,384-555-0169,10/20/2024
164,258,Mr.,Sairaj,,Uddin,CAN,sairaj1@adventure-works.com,767-555-0193,10/20/2024
165,259,Mr.,Lucio,,Iallo,CAN,lucio0@adventure-works.com,199-555-0135,10/20/2024
166,262,Ms.,Beth,,Inghram,CAN,beth0@adventure-works.com,718-555-0152,10/20/2024
167,263,Mr.,Timothy,B.,Burnett,CAN,timothy0@adventure-works.com,251-555-0172,10/20/2024
168,264,Ms.,Phyllis,B.,Tuffield,CAN,phyllis3@adventure-works.com,277-555-0182,10/20/2024
169,268,Mr.,Richard,A.,Byham,CAN,richard2@adventure-works.com,1 (11) 500 555-0138,10/20/2024
170,271,Mr.,Jared,L.,Bustamante,CAN,jared0@adventure-works.com,164-555-0147,10/20/2024
171,272,Mr.,Henry,L.,Campen,CAN,henry0@adventure-works.com,635-555-0126,10/20/2024
172,273,Ms.,Christie,J.,Trujillo,CAN,christie0@adventure-works.com,686-555-0180,10/20/2024
173,274,Ms.,Janet,J.,Gilliat,CAN,janet2@adventure-works.com,521-555-0183,10/20/2024
174,275,Mr.,Chris,,Cannon,CAN,chris5@adventure-works.com,118-555-0131,10/20/2024
175,276,Mr.,Michael John,R.,Troyer,CAN,michaeljohn0@adventure-works.com,308-555-0175,10/20/2024
176,277,Mr.,Guy,,Gilbert,CAN,guy0@adventure-works.com,583-555-0198,10/20/2024
177,280,Mr.,CADnces,J.,Giglio,CAN,CADnces1@adventure-works.com,692-555-0136,10/20/2024
178,281,Ms.,Suzana De Abreu,A.,Canuto,CAN,suzanadeabreu0@adventure-works.com,990-555-0141,10/20/2024
179,282,Mr.,Billy,J.,Trent,CAN,billy0@adventure-works.com,882-555-0115,10/20/2024
180,286,Mr.,Leo,,Giakoumakis,CAN,leo0@adventure-works.com,1 (11) 500 555-0169,10/20/2024
181,287,Mr.,Grant,,Culbertson,CAN,grant1@adventure-works.com,859-555-0173,10/20/2024
182,288,Mr.,Robert,L.,Barker,CAN,robert3@adventure-works.com,241-555-0112,10/20/2024
183,289,Ms.,Gabriel,L.,Bockenkamp,CAN,gabriel0@adventure-works.com,763-555-0145,10/20/2024
184,290,Mr.,Scott,,Culp,CAN,scott3@adventure-works.com,119-555-0167,10/20/2024
185,291,Mr.,Wayne,N.,Banack,CAN,wayne0@adventure-works.com,640-555-0189,10/20/2024
186,292,Mr.,Michael,Greg,Blythe,CAN,michael11@adventure-works.com,126-555-0172,10/20/2024
187,293,Mr.,Conor,,Cunningham,CAN,conor0@adventure-works.com,115-555-0113,10/20/2024
188,294,Mr.,Alberto,F.,Baltazar,CAN,alberto0@adventure-works.com,780-555-0114,10/20/2024
189,295,Mr.,Joseph,P.,Mitzner,CAN,joseph4@adventure-works.com,129-555-0164,10/20/2024
190,298,Mr.,Robert,,Mitosinka,CAN,robert10@adventure-works.com,239-555-0198,10/20/2024
191,299,Mr.,Thierry,,D'Hers,CAN,thierry1@adventure-works.com,680-555-0192,10/20/2024
192,300,Mr.,Daniel,,Blanco,CAN,daniel0@adventure-works.com,221-555-0167,10/20/2024
193,304,Ms.,Linda,,Mitchell,CAN,linda9@adventure-works.com,1 (11) 500 555-0182,10/20/2024
194,306,Mr.,Stephen,M.,Ayers,CAN,stephen1@adventure-works.com,818-555-0171,10/20/2024
195,307,Ms.,Neva,M.,Mitchell,CAN,neva0@adventure-works.com,992-555-0134,10/20/2024
196,308,Ms.,Megan,N.,Davis,CAN,megan1@adventure-works.com,839-555-0198,10/20/2024
197,309,Mr.,John,,Arthur,CAN,john6@adventure-works.com,149-555-0113,10/20/2024
198,310,Mr.,CADnk,,Miller,CAN,CADnk6@adventure-works.com,118-555-0184,10/20/2024
199,311,Sr.,Alvaro,,De Matos Miranda Filho,CAN,alvaro0@adventure-works.com,551-555-0155,10/20/2024
200,312,Mr.,Thomas,B.,Armstrong,CAN,thomas1@adventure-works.com,226-555-0146,10/20/2024
201,313,Mr.,Dylan,,Miller,CAN,dylan1@adventure-works.com,140-555-0192,10/20/2024
202,316,Mr.,Ben,,Miller,CAN,ben1@adventure-works.com,207-555-0167,10/20/2024
203,317,Mr.,Jacob,N.,Dean,CAN,jacob0@adventure-works.com,767-555-0151,10/20/2024
204,318,Ms.,Ann,,Beebe,CAN,ann0@adventure-works.com,277-555-0169,10/20/2024
205,322,Mr.,Matthew,J.,Miller,CAN,matthew5@adventure-works.com,1 (11) 500 555-0176,10/20/2024
206,323,Mr.,Jo,,Brown,CAN,jo2@adventure-works.com,689-555-0130,10/20/2024
207,325,Ms.,Virginia,L.,Miller,CAN,virginia0@adventure-works.com,918-555-0127,10/20/2024
208,326,Mr.,Scott,,Gode,CAN,scott4@adventure-works.com,164-555-0145,10/20/2024
209,327,Ms.,Caroline,A.,Vicknair,CAN,caroline0@adventure-works.com,695-555-0158,10/20/2024
210,328,Mr.,Robert,R.,Vessa,CAN,robert13@adventure-works.com,560-555-0171,10/20/2024
211,330,Mr.,Mete,,Goktepe,CAN,mete0@adventure-works.com,637-555-0120,10/20/2024
212,331,Ms.,Wanda,F.,Vernon,CAN,wanda0@adventure-works.com,433-555-0168,10/20/2024
213,334,Ms.,Dora,P.,Verdad,CAN,dora0@adventure-works.com,155-555-0140,10/20/2024
214,335,Mr.,John,M.,Berger,CAN,john10@adventure-works.com,156-555-0111,10/20/2024
215,336,Mr.,Brian,R,Goldstein,CAN,brian4@adventure-works.com,495-555-0161,10/20/2024
216,340,Mr.,Raja,D.,Venugopal,CAN,raja0@adventure-works.com,1 (11) 500 555-0195,10/20/2024
217,343,Ms.,Patricia,M.,Vasquez,CAN,patricia2@adventure-works.com,490-555-0132,10/20/2024
218,344,Ms.,Karren,K.,Burkhardt,CAN,karren0@adventure-works.com,652-555-0132,10/20/2024
219,345,Ms.,Abigail,J.,Gonzalez,CAN,abigail0@adventure-works.com,121-555-0139,10/20/2024
220,346,Mr.,Ranjit,Rudra,Varkey Chudukatil,CAN,ranjit1@adventure-works.com,810-555-0160,10/20/2024
221,347,Ms.,Ingrid,K.,Burkhardt,CAN,ingrid0@adventure-works.com,857-555-0187,10/20/2024
222,348,Mr.,Oscar,L.,Alpuerto,CAN,oscar0@adventure-works.com,855-555-0174,10/20/2024
223,349,Mr.,Gary,T,Vargas,CAN,gary6@adventure-works.com,112-555-0176,10/20/2024
224,352,Mr.,Shane,S.,Kim,CAN,shane2@adventure-works.com,155-555-0149,10/20/2024
225,353,Ms.,Joan,M.,Campbell,CAN,joan0@adventure-works.com,700-555-0155,10/20/2024
226,354,Mr.,Maxwell,J.,Amland,CAN,maxwell0@adventure-works.com,614-555-0134,10/20/2024
227,358,Mr.,Joe,,Kim,CAN,joe1@adventure-works.com,1 (11) 500 555-0144,10/20/2024
228,360,Ms.,Ramona,J.,Antrim,CAN,ramona0@adventure-works.com,327-555-0148,10/20/2024
229,361,Ms.,Karan,,Khanna,CAN,karan1@adventure-works.com,390-555-0150,10/20/2024
230,362,Ms.,Sharon,A.,Crow,CAN,sharon1@adventure-works.com,889-555-0176,10/20/2024
231,363,Mr.,Chris,,Ashton,CAN,chris3@adventure-works.com,556-555-0145,10/20/2024
232,364,Mr.,Imtiaz,,Khan,CAN,imtiaz0@adventure-works.com,249-555-0179,10/20/2024
233,365,Mr.,Jack,,Creasey,CAN,jack2@adventure-works.com,539-555-0182,10/20/2024
234,366,Ms.,Teresa,,Atkinson,CAN,teresa0@adventure-works.com,129-555-0110,10/20/2024
235,367,Ms.,Tammy,J.,Khan,CAN,tammy0@adventure-works.com,145-555-0166,10/20/2024
236,370,Ms.,Elizabeth,,Keyser,CAN,elizabeth2@adventure-works.com,656-555-0173,10/20/2024
237,371,Mr.,Bruno,,Costa Da Silva,CAN,bruno0@adventure-works.com,140-555-0143,10/20/2024
238,372,Ms.,Katherine,K.,Swan,CAN,katherine1@adventure-works.com,421-555-0192,10/20/2024
239,376,Ms.,Mary,R.,Kesslep,CAN,mary8@adventure-works.com,1 (11) 500 555-0146,10/20/2024
240,377,Mr.,Marlin,M.,Coriell,CAN,marlin0@adventure-works.com,941-555-0155,10/20/2024
241,379,Mr.,Kevin,,Kennedy,CAN,kevin4@adventure-works.com,275-555-0179,10/20/2024
242,380,Ms.,Eva,,Corets,CAN,eva0@adventure-works.com,542-555-0164,10/20/2024
243,381,Ms.,Julie,,Taft-Rider,CAN,julie1@adventure-works.com,145-555-0194,10/20/2024
244,382,Mr.,Robert,,Kelly,CAN,robert7@adventure-works.com,510-555-0123,10/20/2024
245,383,Mr.,Scott,,Cooper,CAN,scott2@adventure-works.com,773-555-0182,10/20/2024
246,384,Mr.,Clarence,R.,Tatman,CAN,clarence0@adventure-works.com,787-555-0128,10/20/2024
247,385,Mr.,John,,Kelly,CAN,john22@adventure-works.com,330-555-0116,10/20/2024
248,388,Mr.,Victor,A.,Kelley,CAN,victor0@adventure-works.com,112-555-0195,10/20/2024
249,389,Ms.,Dorothy,J.,Contreras,CAN,dorothy0@adventure-works.com,428-555-0176,10/20/2024
250,390,Mr.,Mike,M.,Taylor,CAN,mike6@adventure-works.com,204-555-0189,10/20/2024
251,394,Ms.,Bonnie,,Kearney,CAN,bonnie1@adventure-works.com,1 (11) 500 555-0116,10/20/2024
252,395,Ms.,June,B.,Brunner,CAN,june0@adventure-works.com,249-555-0172,10/20/2024
253,397,Mr.,Sandeep,,Katyal,CAN,sandeep2@adventure-works.com,928-555-0117,10/20/2024
254,398,Ms.,Shirley,R.,Bruner,CAN,shirley0@adventure-works.com,383-555-0155,10/20/2024
255,399,Mr.,Chad,J.,Tedford,CAN,chad1@adventure-works.com,588-555-0128,10/20/2024
256,400,Mr.,Peter,,Houston,CAN,peter3@adventure-works.com,632-555-0171,10/20/2024
257,401,Mr.,Tom,H,Johnston,CAN,tom1@adventure-works.com,883-555-0177,10/20/2024
258,402,Ms.,Marian,M.,Berch,CAN,marian0@adventure-works.com,640-555-0198,10/20/2024
259,403,Ms.,Juanita,J.,Holman,CAN,juanita0@adventure-works.com,996-555-0196,10/20/2024
260,406,Mr.,Eddie,M.,Holmes,CAN,eddie0@adventure-works.com,570-555-0199,10/20/2024
261,407,Mr.,Robert,A.,Avalos,DEU,robert2@adventure-works.com,665-555-0198,10/20/2024
262,408,Mr.,Alexander,J.,Berger,DEU,alexander0@adventure-works.com,519-555-0151,10/20/2024
263,412,Ms.,Jean,J.,Holloway,DEU,jean2@adventure-works.com,1 (11) 500 555-0181,10/20/2024
264,415,Mr.,Greg,,Chapman,DEU,greg1@adventure-works.com,708-555-0169,10/20/2024
265,416,Ms.,Angela,,Barbariol,DEU,angela1@adventure-works.com,134-555-0182,10/20/2024
266,417,Ms.,Ruth,A.,Choin,DEU,ruth1@adventure-works.com,273-555-0181,10/20/2024
267,418,Mr.,Lee,J.,Chapla,DEU,lee0@adventure-works.com,223-555-0184,10/20/2024
268,419,Mr.,Darrell,M.,Banks,DEU,darrell0@adventure-works.com,816-555-0118,10/20/2024
269,420,Mr.,Anthony,,Chor,DEU,anthony0@adventure-works.com,429-555-0145,10/20/2024
270,421,Mr.,Forrest,J.,Chandler,DEU,forrest0@adventure-works.com,448-555-0179,10/20/2024
271,424,Mr.,Eli,,Bowen,DEU,eli0@adventure-works.com,371-555-0143,10/20/2024
272,425,Mr.,Stephen,Yuan,Jiang,DEU,stephen3@adventure-works.com,910-555-0116,10/20/2024
273,426,Mr.,Dirk,J.,Bruno,DEU,dirk0@adventure-works.com,817-555-0114,10/20/2024
274,430,Sr.,Gustavo,,Camargo,DEU,gustavo1@adventure-works.com,1 (11) 500 555-0118,10/20/2024
275,431,Mr.,Douglas,A.,Baldwin,DEU,douglas1@adventure-works.com,583-555-0130,10/20/2024
276,433,Ms.,Lindsey,R.,Camacho,DEU,lindsey0@adventure-works.com,827-555-0143,10/20/2024
277,434,Mr.,James,B.,Bailey,DEU,james3@adventure-works.com,234-555-0112,10/20/2024
278,435,Ms.,Carol,B.,Elliott,DEU,carol2@adventure-works.com,847-555-0151,10/20/2024
279,436,Ms.,Barbara,J.,Calone,DEU,barbara2@adventure-works.com,145-555-0152,10/20/2024
280,437,Ms.,Megan,E.,Burke,DEU,megan0@adventure-works.com,148-555-0149,10/20/2024
281,438,Mr.,Cory,K.,Booth,DEU,cory0@adventure-works.com,121-555-0157,10/20/2024
282,439,Ms.,Shannon,P.,Elliott,DEU,shannon0@adventure-works.com,425-555-0158,10/20/2024
283,442,Ms.,Jauna,E.,Elson,DEU,jauna0@adventure-works.com,185-555-0190,10/20/2024
284,443,Sra.,Janaina Barreiro Gambaro,,Bueno,DEU,janainabarreirogambaro0@adventure-works.com,476-555-0184,10/20/2024
285,444,Mr.,Shaun,,Beasley,DEU,shaun0@adventure-works.com,396-555-0187,10/20/2024
286,448,Mr.,Terry,,Eminhizer,DEU,terry1@adventure-works.com,1 (11) 500 555-0176,10/20/2024
287,451,Mr.,John,,Emory,DEU,john16@adventure-works.com,691-555-0149,10/20/2024
288,452,Ms.,Olga,J.,Trau,DEU,olga0@adventure-works.com,398-555-0167,10/20/2024
289,453,Mr.,Jon,,Ganio,DEU,jon0@adventure-works.com,672-555-0112,10/20/2024
290,454,Ms.,Gail,,Erickson,DEU,gail1@adventure-works.com,834-555-0132,10/20/2024
291,455,Mr.,James,R.,Tran,DEU,james15@adventure-works.com,740-555-0159,10/20/2024
292,456,Mr.,Michael,,Galos,DEU,michael15@adventure-works.com,912-555-0149,10/20/2024
293,457,Mr.,Mark,B,Erickson,DEU,mark2@adventure-works.com,962-555-0112,10/20/2024
294,460,Ms.,Martha,R.,Espinoza,DEU,martha0@adventure-works.com,753-555-0179,10/20/2024
295,461,Mr.,Glenn,J.,Track,DEU,glenn0@adventure-works.com,907-555-0170,10/20/2024
296,462,Mr.,Bob,,Gage,DEU,bob1@adventure-works.com,962-555-0175,10/20/2024
297,466,Sra.,Janeth,,Esteves,DEU,janeth1@adventure-works.com,1 (11) 500 555-0136,10/20/2024
298,468,Mr.,Paul,J.,Fulton,DEU,paul3@adventure-works.com,492-555-0146,10/20/2024
299,469,Ms.,Twanna,R.,Evans,DEU,twanna0@adventure-works.com,554-555-0124,10/20/2024
300,470,Ms.,Delia,B.,Toone,DEU,delia0@adventure-works.com,328-555-0192,10/20/2024
301,471,Mr.,John,,Ford,DEU,john19@adventure-works.com,596-555-0153,10/20/2024
302,472,Ms.,Ann,R.,Evans,DEU,ann1@adventure-works.com,252-555-0127,10/20/2024
303,473,Ms.,Kay,E.,Krane,DEU,kay0@adventure-works.com,731-555-0187,10/20/2024
304,474,Mr.,Mihail,,Frintu,DEU,mihail1@adventure-works.com,777-555-0163,10/20/2024
305,475,Mr.,John,,Evans,DEU,john17@adventure-works.com,581-555-0172,10/20/2024
306,478,Ms.,Ruby Sue,R.,Styles,DEU,rubysue0@adventure-works.com,512-555-0122,10/20/2024
307,479,Ms.,Lori,,Kane,DEU,lori2@adventure-works.com,765-555-0141,10/20/2024
308,480,Ms.,Susan,E.,French,DEU,susan3@adventure-works.com,994-555-0194,10/20/2024
309,484,Mr.,Gary,J.,Suess,DEU,gary5@adventure-works.com,1 (11) 500 555-0199,10/20/2024
310,487,Ms.,Ruth,J.,Suffin,DEU,ruth2@adventure-works.com,924-555-0195,10/20/2024
311,488,Ms.,Margaret,J.,Smith,DEU,margaret0@adventure-works.com,959-555-0151,10/20/2024
312,489,Ms.,Dorothy,J.,Fox,DEU,dorothy1@adventure-works.com,191-555-0198,10/20/2024
313,490,Ms.,Elizabeth,J.,Sullivan,DEU,elizabeth4@adventure-works.com,306-555-0112,10/20/2024
314,491,Ms.,CADnces,B.,Adams,DEU,CADnces0@adventure-works.com,991-555-0183,10/20/2024
315,492,Mr.,Garth,,Fort,DEU,garth0@adventure-works.com,768-555-0125,10/20/2024
316,493,Mr.,Michael,,Sullivan,DEU,michael24@adventure-works.com,323-555-0113,10/20/2024
317,496,Ms.,Marcia,J.,Sultan,DEU,marcia0@adventure-works.com,613-555-0116,10/20/2024
318,497,Ms.,Amy,E.,Alberts,DEU,amy1@adventure-works.com,727-555-0115,10/20/2024
319,498,Ms.,Kelly,,Focht,DEU,kelly0@adventure-works.com,272-555-0123,10/20/2024
320,502,Mr.,Krishna,,Sunkammurali,DEU,krishna1@adventure-works.com,1 (11) 500 555-0177,10/20/2024
321,504,Ms.,Mae,M.,Black,DEU,mae1@adventure-works.com,264-555-0143,10/20/2024
322,505,Mr.,Brad,,Sutton,DEU,brad0@adventure-works.com,688-555-0115,10/20/2024
323,506,Mr.,CADnçois,,Ferrier,DEU,CADnçois1@adventure-works.com,571-555-0128,10/20/2024
324,507,Mr.,Mary,,Bishop,DEU,mary4@adventure-works.com,176-555-0136,10/20/2024
325,508,Mr.,Martin,J.,Svoboda,DEU,martin1@adventure-works.com,132-555-0149,10/20/2024
326,509,Mr.,Robert,E.,Ahlering,DEU,robert1@adventure-works.com,678-555-0175,10/20/2024
327,510,Mr.,Jimmy,,Bischoff,DEU,jimmy1@adventure-works.com,992-555-0111,10/20/2024
328,511,Mr.,Abraham,L.,Swearengin,DEU,abraham0@adventure-works.com,926-555-0136,10/20/2024
329,514,Mr.,Ryan,,Calafato,DEU,ryan1@adventure-works.com,726-555-0155,10/20/2024
330,515,Mr.,Dragan,,Tomic,DEU,dragan1@adventure-works.com,833-555-0167,10/20/2024
331,516,Mr.,Thomas,R.,Michaels,DEU,thomas2@adventure-works.com,162-555-0174,10/20/2024
332,520,Ms.,Mari,B.,Caldwell,DEU,mari0@adventure-works.com,1 (11) 500 555-0118,10/20/2024
333,523,Ms.,Mary,M.,Gimmi,DEU,mary6@adventure-works.com,149-555-0196,10/20/2024
334,526,Mr.,David,L.,Givens,DEU,david15@adventure-works.com,605-555-0111,10/20/2024
335,527,Ms.,Diane,,Tibbott,DEU,diane5@adventure-works.com,847-555-0184,10/20/2024
336,528,Ms.,Helen,M.,Meyer,DEU,helen2@adventure-works.com,519-555-0112,10/20/2024
337,529,Ms.,Jeanie,R.,Glenn,DEU,jeanie0@adventure-works.com,669-555-0149,10/20/2024
338,532,Ms.,Diane,R.,Glimp,DEU,diane3@adventure-works.com,898-555-0137,10/20/2024
339,533,Ms.,Yuping,,Tian,DEU,yuping0@adventure-works.com,744-555-0123,10/20/2024
340,534,Mr.,Stephen,A.,Mew,DEU,stephen4@adventure-works.com,399-555-0114,10/20/2024
341,538,Mr.,John,R.,Brooks,DEU,john12@adventure-works.com,1 (11) 500 555-0179,10/20/2024
342,541,Mr.,Willie,P.,Brooks,DEU,willie0@adventure-works.com,525-555-0174,10/20/2024
343,542,Mr.,Andrew,P.,Kobylinski,DEU,andrew5@adventure-works.com,129-555-0185,10/20/2024
344,543,Mr.,R. Morgan,L.,Mendoza,DEU,rmorgan0@adventure-works.com,963-555-0146,10/20/2024
345,544,Mr.,Jay,,Adams,DEU,jay1@adventure-works.com,158-555-0142,10/20/2024
346,545,Mr.,Christian,,Kleinerman,DEU,christian1@adventure-works.com,362-555-0177,10/20/2024
347,546,Mr.,Anton,,Kirilov,DEU,anton0@adventure-works.com,608-555-0162,10/20/2024
348,547,Ms.,Gladys,F.,Mendiola,DEU,gladys0@adventure-works.com,535-555-0189,10/20/2024
349,550,Ms.,Raquel,,Mello,DEU,raquel0@adventure-works.com,723-555-0124,10/20/2024
350,551,Mr.,Samuel,N.,Agcaoili,DEU,samuel0@adventure-works.com,554-555-0110,10/20/2024
351,552,Mr.,Tim,,Kim,DEU,tim0@adventure-works.com,244-555-0115,10/20/2024
352,556,Ms.,Nancy,A.,McPhearson,DEU,nancy3@adventure-works.com,1 (11) 500 555-0195,10/20/2024
353,559,Ms.,Nkenge,,McLin,DEU,nkenge0@adventure-works.com,158-555-0123,10/20/2024
354,560,Mr.,Paul,L.,Alcorn,DEU,paul2@adventure-works.com,331-555-0162,10/20/2024
355,561,Mr.,Marvin,N.,Allen,DEU,marvin0@adventure-works.com,447-555-0110,10/20/2024
356,562,Ms.,Yvonne,,McKay,DEU,yvonne1@adventure-works.com,623-555-0144,10/20/2024
357,563,Mr.,Sean,P.,Jacobson,DEU,sean2@adventure-works.com,555-555-0162,10/20/2024
358,564,Ms.,Michelle,,Alexander,DEU,michelle0@adventure-works.com,115-555-0175,10/20/2024
359,565,Mr.,Richard,M.,Bentley,DEU,richard0@adventure-works.com,911-555-0153,10/20/2024
360,568,Mr.,Curtis,P.,Howard,DEU,curtis0@adventure-works.com,555-555-0162,10/20/2024
361,569,Mr.,Cecil,J.,Allison,DEU,cecil0@adventure-works.com,699-555-0155,10/20/2024
362,570,Mr.,Gregory,F.,Alderson,DEU,gregory0@adventure-works.com,968-555-0153,10/20/2024
363,574,Ms.,Janice,K.,Hows,DEU,janice1@adventure-works.com,1 (11) 500 555-0119,10/20/2024
364,577,Mr.,George,M.,Huckaby,DEU,george1@adventure-works.com,851-555-0127,10/20/2024
365,578,Ms.,Carolyn,,Farino,DEU,carolyn0@adventure-works.com,957-555-0125,10/20/2024
366,579,Ms.,Kim,,Abercrombie,DEU,kim2@adventure-works.com,334-555-0137,10/20/2024
367,580,Mr.,Joshua,J.,Huff,DEU,joshua0@adventure-works.com,190-555-0186,10/20/2024
368,581,Ms.,Geri,P.,Farrell,DEU,geri0@adventure-works.com,329-555-0183,10/20/2024
369,582,Ms.,Catherine,R.,Abel,DEU,catherine0@adventure-works.com,747-555-0171,10/20/2024
370,583,Ms.,Laura,C.,Steele,DEU,laura3@adventure-works.com,741-555-0173,10/20/2024
371,586,Ms.,Shanay,B.,Steelman,DEU,shanay0@adventure-works.com,797-555-0118,10/20/2024
372,587,Ms.,Rhoda,J.,Finley,DEU,rhoda0@adventure-works.com,920-555-0191,10/20/2024
373,588,Mr.,Pat,A.,Chambers,DEU,pat1@adventure-works.com,127-555-0124,10/20/2024
374,592,Mr.,Stefano,,Stefani,DEU,stefano0@adventure-works.com,1 (11) 500 555-0115,10/20/2024
375,595,Mr.,Alan,,Steiner,DEU,alan4@adventure-works.com,792-555-0194,10/20/2024
376,596,Ms.,Kathie,,Flood,DEU,kathie1@adventure-works.com,627-555-0192,10/20/2024
377,597,Mr.,Bob,,Hodges,DEU,bob2@adventure-works.com,129-555-0120,10/20/2024
378,598,Mr.,Derik,,Stenerson,DEU,derik0@adventure-works.com,441-555-0144,10/20/2024
379,599,Mr.,Raul,E.,Casts,DEU,raul0@adventure-works.com,362-555-0162,10/20/2024
380,600,Ms.,Holly,J.,Holt,DEU,holly1@adventure-works.com,654-555-0150,10/20/2024
381,601,Mr.,Vassar,J.,Stern,DEU,vassar0@adventure-works.com,328-555-0123,10/20/2024
382,604,Ms.,Wathalee,R.,Steuber,DEU,wathalee0@adventure-works.com,517-555-0120,10/20/2024
383,605,Mr.,Matthew,J.,Cavallari,DEU,matthew1@adventure-works.com,695-555-0161,10/20/2024
384,606,Ms.,Helge,,Hoeing,DEU,helge0@adventure-works.com,850-555-0198,10/20/2024
385,607,Ms.,Alice,M.,Steiner,DEU,alice4@adventure-works.com,355-555-0180,10/20/2024
386,608,Mr.,Steven,B.,Brown,DEU,steven1@adventure-works.com,280-555-0124,10/20/2024
387,609,Mr.,David,,Hodgson,DEU,david16@adventure-works.com,969-555-0117,10/20/2024
388,610,Ms.,Liza Marie,N.,Stevens,DEU,lizamarie0@adventure-works.com,366-555-0110,10/20/2024
389,613,Mr.,Jim,,Stewart,DEU,jim5@adventure-works.com,226-555-0110,10/20/2024
390,617,Ms.,Arlene,,Huff,DEU,arlene0@adventure-works.com,1 (11) 500 555-0146,10/20/2024
391,620,Mr.,Matthew,M.,Hunter,DEU,matthew4@adventure-works.com,482-555-0188,10/20/2024
392,621,Mr.,Matthew,,Hink,DEU,matthew3@adventure-works.com,146-555-0176,10/20/2024
393,622,Mr.,Robert,B.,Stotka,DEU,robert12@adventure-works.com,493-555-0185,10/20/2024
394,623,Ms.,Phyllis,R.,Huntsman,DEU,phyllis1@adventure-works.com,153-555-0195,10/20/2024
395,624,Mr.,Mike,,Hines,DEU,mike3@adventure-works.com,454-555-0160,10/20/2024
396,625,Ms.,Kayla,M.,Stotler,DEU,kayla0@adventure-works.com,315-555-0131,10/20/2024
397,626,Mr.,Lawrence,E.,Hurkett,DEU,lawrence0@adventure-works.com,129-555-0185,10/20/2024
398,629,Mr.,Ryan,,Ihrig,DEU,ryan4@adventure-works.com,809-555-0152,10/20/2024
399,630,Mr.,Andrew,R.,Hill,DEU,andrew4@adventure-works.com,194-555-0149,10/20/2024
400,631,Mr.,Robert,P.,Lyeba,DEU,robert8@adventure-works.com,631-555-0155,10/20/2024
401,635,Mr.,Roger,,Van Houten,DEU,roger2@adventure-works.com,1 (11) 500 555-0110,10/20/2024
402,637,Mr.,Robert,,Lyon,DEU,robert9@adventure-works.com,666-555-0143,10/20/2024
403,641,Ms.,Rose,M.,Vandenouer,DEU,rose1@adventure-works.com,1 (11) 500 555-0140,10/20/2024
404,643,Ms.,Denise,R.,Maccietto,DEU,denise1@adventure-works.com,537-555-0190,10/20/2024
405,644,Mr.,Gregory,T.,Vanderbout,DEU,gregory1@adventure-works.com,684-555-0134,10/20/2024
406,645,Mr.,Ronald,K.,Heymsfield,DEU,ronald1@adventure-works.com,784-555-0120,10/20/2024
407,646,Mr.,Scott,,MacDonald,DEU,scott7@adventure-works.com,470-555-0171,10/20/2024
408,647,Mr.,Michael,,Vanderhyde,DEU,michael25@adventure-works.com,918-555-0141,10/20/2024
409,648,Ms.,Cheryl,M.,Herring,DEU,cheryl0@adventure-works.com,158-555-0154,10/20/2024
410,649,Mr.,Walter,J.,Mays,DEU,walter1@adventure-works.com,245-555-0191,10/20/2024
411,650,Ms.,Margaret,J.,Vanderkamp,DEU,margaret2@adventure-works.com,265-555-0143,10/20/2024
412,653,Ms.,Kara,N.,Vanderlinden,DEU,kara0@adventure-works.com,680-555-0160,10/20/2024
413,654,Mr.,Jésus,,Hernandez,DEU,jésus0@adventure-works.com,214-555-0145,10/20/2024
414,655,Ms.,Irene,J.,Hernandez,DEU,irene0@adventure-works.com,790-555-0197,10/20/2024
415,659,Mr.,Ajay,,Manchepalli,DEU,ajay0@adventure-works.com,1 (11) 500 555-0174,10/20/2024
416,660,Mr.,Nieves,J.,Vargas,DEU,nieves0@adventure-works.com,371-555-0184,10/20/2024
417,661,Mr.,Kari,,Hensien,DEU,kari0@adventure-works.com,143-555-0129,10/20/2024
418,665,Mr.,Tomas,M.,Manzanares,DEU,tomas0@adventure-works.com,1 (11) 500 555-0178,10/20/2024
419,668,Ms.,Kathy,R.,Marcovecchio,DEU,kathy0@adventure-works.com,942-555-0141,10/20/2024
420,669,Ms.,Patricia,,Doyle,DEU,patricia0@adventure-works.com,899-555-0134,10/20/2024
421,670,Ms.,Valerie,M.,Hendricks,DEU,valerie0@adventure-works.com,859-555-0140,10/20/2024
422,672,Mr.,Gerald,M.,Drury,DEU,gerald0@adventure-works.com,169-555-0178,10/20/2024
423,673,Mr.,John,,Hanson,DEU,john20@adventure-works.com,107-555-0117,10/20/2024
424,674,Ms.,Melissa,R.,Marple,DEU,melissa0@adventure-works.com,685-555-0117,10/20/2024
425,677,Ms.,Cecelia,L.,Marshall,DEU,cecelia0@adventure-works.com,394-555-0168,10/20/2024
426,678,Mr.,Reuben,,D'sa,DEU,reuben1@adventure-works.com,916-555-0137,10/20/2024
427,679,Ms.,Brenda,F.,Heaney,DEU,brenda3@adventure-works.com,393-555-0167,10/20/2024
428,683,Ms.,Linda,,Martin,DEU,linda8@adventure-works.com,1 (11) 500 555-0137,10/20/2024
429,685,Mr.,James,B.,Haugh,DEU,james8@adventure-works.com,763-555-0120,10/20/2024
430,689,Ms.,Sandra,I.,Martinez,DEU,sandra3@adventure-works.com,1 (11) 500 555-0113,10/20/2024
431,692,Ms.,Bev,L.,Desalvo,DEU,bev0@adventure-works.com,143-555-0113,10/20/2024
432,693,Mr.,Bart,,Duncan,DEU,bart0@adventure-works.com,539-555-0121,10/20/2024
433,694,Ms.,Ann,T.,Hass,DEU,ann2@adventure-works.com,713-555-0168,10/20/2024
434,695,Mr.,Rob,,Caron,DEU,rob2@adventure-works.com,620-555-0117,10/20/2024
435,696,Mr.,Maciej,,Dusza,DEU,maciej1@adventure-works.com,962-555-0144,10/20/2024
436,697,Mr.,Roger,,Harui,DEU,roger0@adventure-works.com,774-555-0133,10/20/2024
437,698,Mr.,Andy,,Carothers,DEU,andy1@adventure-works.com,944-555-0148,10/20/2024
438,701,Ms.,Linda,R.,Ecoffey,DEU,linda5@adventure-works.com,674-555-0188,10/20/2024
439,29485,Ms.,Catherine,R.,Abel,DEU,catherine0@adventure-works.com,747-555-0171,10/20/2024
440,29486,Ms.,Kim,,Abercrombie,DEU,kim2@adventure-works.com,334-555-0137,10/20/2024
441,29489,Ms.,CADnces,B.,Adams,DEU,CADnces0@adventure-works.com,991-555-0183,10/20/2024
442,29490,Ms.,Margaret,J.,Smith,DEU,margaret0@adventure-works.com,959-555-0151,10/20/2024
443,29492,Mr.,Jay,,Adams,DEU,jay1@adventure-works.com,158-555-0142,10/20/2024
444,29494,Mr.,Samuel,N.,Agcaoili,DEU,samuel0@adventure-works.com,554-555-0110,10/20/2024
445,29496,Mr.,Robert,E.,Ahlering,DEU,robert1@adventure-works.com,678-555-0175,10/20/2024
446,29497,Mr.,CADnçois,,Ferrier,DEU,CADnçois1@adventure-works.com,571-555-0128,10/20/2024
447,29499,Ms.,Amy,E.,Alberts,DEU,amy1@adventure-works.com,727-555-0115,10/20/2024
448,29502,Mr.,Paul,L.,Alcorn,DEU,paul2@adventure-works.com,331-555-0162,10/20/2024
449,29503,Mr.,Gregory,F.,Alderson,DEU,gregory0@adventure-works.com,968-555-0153,10/20/2024
450,29505,Ms.,Michelle,,Alexander,DEU,michelle0@adventure-works.com,115-555-0175,10/20/2024
451,29506,Mr.,Sean,P.,Jacobson,DEU,sean2@adventure-works.com,555-555-0162,10/20/2024
452,29508,Mr.,Marvin,N.,Allen,DEU,marvin0@adventure-works.com,447-555-0110,10/20/2024
453,29510,Mr.,Cecil,J.,Allison,DEU,cecil0@adventure-works.com,699-555-0155,10/20/2024
454,29511,Mr.,Oscar,L.,Alpuerto,DEU,oscar0@adventure-works.com,855-555-0174,10/20/2024
455,29515,Mr.,Maxwell,J.,Amland,DEU,maxwell0@adventure-works.com,614-555-0134,10/20/2024
456,29517,Ms.,Ramona,J.,Antrim,DEU,ramona0@adventure-works.com,327-555-0148,10/20/2024
457,29521,Mr.,Tom,H,Johnston,DEU,tom1@adventure-works.com,883-555-0177,10/20/2024
458,29522,Mr.,Thomas,B.,Armstrong,DEU,thomas1@adventure-works.com,226-555-0146,10/20/2024
459,29523,Mr.,John,,Arthur,DEU,john6@adventure-works.com,149-555-0113,10/20/2024
460,29524,Mr.,Chris,,Ashton,DEU,chris3@adventure-works.com,556-555-0145,10/20/2024
461,29525,Ms.,Teresa,,Atkinson,DEU,teresa0@adventure-works.com,129-555-0110,10/20/2024
462,29527,Mr.,Robert,A.,Avalos,DEU,robert2@adventure-works.com,665-555-0198,10/20/2024
463,29528,Mr.,Stephen,M.,Ayers,DEU,stephen1@adventure-works.com,818-555-0171,10/20/2024
464,29530,Mr.,Daniel,,Blanco,DEU,daniel0@adventure-works.com,221-555-0167,10/20/2024
465,29531,Mr.,Cory,K.,Booth,DEU,cory0@adventure-works.com,121-555-0157,10/20/2024
466,29532,Mr.,James,B.,Bailey,DEU,james3@adventure-works.com,234-555-0112,10/20/2024
467,29533,Mr.,Douglas,A.,Baldwin,DEU,douglas1@adventure-works.com,583-555-0130,10/20/2024
468,29535,Mr.,Wayne,N.,Banack,DEU,wayne0@adventure-works.com,640-555-0189,10/20/2024
469,29536,Mr.,Robert,L.,Barker,DEU,robert3@adventure-works.com,241-555-0112,10/20/2024
470,29539,Mr.,Josh,,Barnhill,DEU,josh0@adventure-works.com,584-555-0192,10/20/2024
471,29541,,Gytis,M,Barzdukas,DEU,gytis0@adventure-works.com,257-555-0119,10/20/2024
472,29544,Mr.,Shaun,,Beasley,DEU,shaun0@adventure-works.com,396-555-0187,10/20/2024
473,29545,Mr.,John,A.,Beaver,DEU,john8@adventure-works.com,521-555-0195,10/20/2024
474,29546,Mr.,Christopher,R.,Beck,DEU,christopher1@adventure-works.com,1 (11) 500 555-0132,10/20/2024
475,29548,Ms.,Ann,,Beebe,DEU,ann0@adventure-works.com,277-555-0169,10/20/2024
476,29550,Mr.,Stanley,A.,Alan,DEU,stanley0@adventure-works.com,156-555-0126,10/20/2024
477,29553,Ms.,Edna,J.,Benson,DEU,edna0@adventure-works.com,789-555-0189,10/20/2024
478,29554,Mr.,Payton,P.,Benson,DEU,payton0@adventure-works.com,528-555-0183,10/20/2024
479,29557,Mr.,Alexander,J.,Berger,DEU,alexander0@adventure-works.com,519-555-0151,10/20/2024
480,29558,Mr.,John,M.,Berger,DEU,john10@adventure-works.com,156-555-0111,10/20/2024
481,29559,Mr.,Robert,M.,Bernacchi,DEU,robert4@adventure-works.com,449-555-0176,10/20/2024
482,29560,Mr.,Matthias,,Berndt,DEU,matthias1@adventure-works.com,384-555-0169,10/20/2024
483,29562,Mr.,Steven,B.,Brown,DEU,steven1@adventure-works.com,280-555-0124,10/20/2024
484,29565,Mr.,Jimmy,,Bischoff,DEU,jimmy1@adventure-works.com,992-555-0111,10/20/2024
485,29566,Ms.,Mae,M.,Black,DEU,mae1@adventure-works.com,264-555-0143,10/20/2024
486,29567,Ms.,Jackie,E.,Blackwell,DEU,jackie0@adventure-works.com,972-555-0163,10/20/2024
487,29568,Mr.,Donald,L.,Blanton,DEU,donald0@adventure-works.com,357-555-0161,10/20/2024
488,29569,Ms.,Linda,E.,Burnett,DEU,linda4@adventure-works.com,121-555-0121,10/20/2024
489,29570,Mr.,Michael,Greg,Blythe,DEU,michael11@adventure-works.com,126-555-0172,10/20/2024
490,29571,Ms.,Gabriel,L.,Bockenkamp,DEU,gabriel0@adventure-works.com,763-555-0145,10/20/2024
491,29573,Sr.,Luis,,Bonifaz,DEU,luis0@adventure-works.com,688-555-0113,10/20/2024
492,29574,Mr.,Randall,,Boseman,DEU,randall0@adventure-works.com,383-555-0117,10/20/2024
493,29576,Mr.,Eli,,Bowen,DEU,eli0@adventure-works.com,371-555-0143,10/20/2024
494,29577,Mr.,Lester,J.,Bowman,DEU,lester0@adventure-works.com,844-555-0112,10/20/2024
495,29579,Mr.,Cornelius,L.,Brandon,DEU,cornelius0@adventure-works.com,229-555-0114,10/20/2024
496,29580,Mr.,Richard,,Bready,DEU,richard1@adventure-works.com,340-555-0131,10/20/2024
497,29582,Mr.,Ted,,Bremer,DEU,ted0@adventure-works.com,962-555-0166,10/20/2024
498,29583,Mr.,Alan,,Brewer,DEU,alan1@adventure-works.com,494-555-0134,10/20/2024
499,29584,Mr.,Walter,J.,Brian,DEU,walter0@adventure-works.com,163-555-0155,10/20/2024
500,29585,Mr.,Christopher,M.,Bright,DEU,christopher2@adventure-works.com,162-555-0166,10/20/2024
501,29587,Mr.,John,R.,Brooks,DEU,john12@adventure-works.com,1 (11) 500 555-0179,10/20/2024
502,29588,Mr.,Willie,P.,Brooks,DEU,willie0@adventure-works.com,525-555-0174,10/20/2024
503,29590,Mr.,Jo,,Brown,DEU,jo2@adventure-works.com,689-555-0130,10/20/2024
504,29591,Mr.,Robert,,Brown,DEU,robert5@adventure-works.com,575-555-0189,10/20/2024
505,29593,Ms.,Mary,K.,Browning,DEU,mary5@adventure-works.com,658-555-0146,10/20/2024
506,29596,Mr.,Eric,J.,Brumfield,DEU,eric3@adventure-works.com,644-555-0114,10/20/2024
507,29598,Mr.,Michael,,Brundage,DEU,michael13@adventure-works.com,128-555-0148,10/20/2024
508,29599,Ms.,Shirley,R.,Bruner,DEU,shirley0@adventure-works.com,383-555-0155,10/20/2024
509,29600,Ms.,June,B.,Brunner,DEU,june0@adventure-works.com,249-555-0172,10/20/2024
510,29601,Mr.,Dirk,J.,Bruno,DEU,dirk0@adventure-works.com,817-555-0114,10/20/2024
511,29603,Sra.,Janaina Barreiro Gambaro,,Bueno,DEU,janainabarreirogambaro0@adventure-works.com,476-555-0184,10/20/2024
512,29605,Ms.,Megan,E.,Burke,DEU,megan0@adventure-works.com,148-555-0149,10/20/2024
513,29606,Ms.,Karren,K.,Burkhardt,DEU,karren0@adventure-works.com,652-555-0132,10/20/2024
514,29608,Mr.,Timothy,B.,Burnett,DEU,timothy0@adventure-works.com,251-555-0172,10/20/2024
515,29611,Mr.,Jared,L.,Bustamante,DEU,jared0@adventure-works.com,164-555-0147,10/20/2024
516,29612,Mr.,Richard,A.,Byham,DEU,richard2@adventure-works.com,1 (11) 500 555-0138,10/20/2024
517,29614,Mr.,Ryan,,Calafato,DEU,ryan1@adventure-works.com,726-555-0155,10/20/2024
518,29615,Ms.,Mari,B.,Caldwell,DEU,mari0@adventure-works.com,1 (11) 500 555-0118,10/20/2024
519,29616,Ms.,Barbara,J.,Calone,DEU,barbara2@adventure-works.com,145-555-0152,10/20/2024
520,29617,Ms.,Lindsey,R.,Camacho,DEU,lindsey0@adventure-works.com,827-555-0143,10/20/2024
521,29618,Sr.,Gustavo,,Camargo,DEU,gustavo1@adventure-works.com,1 (11) 500 555-0118,10/20/2024
522,29620,Ms.,Joan,M.,Campbell,DEU,joan0@adventure-works.com,700-555-0155,10/20/2024
523,29622,Mr.,Henry,L.,Campen,DEU,henry0@adventure-works.com,635-555-0126,10/20/2024
524,29623,Mr.,Chris,,Cannon,DEU,chris5@adventure-works.com,118-555-0131,10/20/2024
525,29625,Ms.,Suzana De Abreu,A.,Canuto,DEU,suzanadeabreu0@adventure-works.com,990-555-0141,10/20/2024
526,29627,Mr.,Johnny,A.,Caprio,DEU,johnny0@adventure-works.com,112-555-0191,10/20/2024
527,29629,Mr.,Carlton,M.,Carlisle,DEU,carlton0@adventure-works.com,193-555-0116,10/20/2024
528,29631,Ms.,Jane,N.,Carmichael,DEU,jane0@adventure-works.com,716-555-0167,10/20/2024
529,29632,Ms.,Jovita,A.,Carmody,DEU,jovita0@adventure-works.com,646-555-0137,10/20/2024
530,29635,Mr.,Rob,,Caron,DEU,rob2@adventure-works.com,620-555-0117,10/20/2024
531,29636,Mr.,Andy,,Carothers,DEU,andy1@adventure-works.com,944-555-0148,10/20/2024
532,29637,Ms.,Donna,F.,Carreras,DEU,donna0@adventure-works.com,279-555-0130,10/20/2024
533,29638,Ms.,Rosmarie,J.,Carroll,DEU,rosmarie0@adventure-works.com,244-555-0112,10/20/2024
534,29639,Mr.,Joseph,N.,Castellucio,DEU,joseph1@adventure-works.com,180-555-0114,10/20/2024
535,29641,Mr.,Raul,E.,Casts,DEU,raul0@adventure-works.com,362-555-0162,10/20/2024
536,29643,Mr.,Matthew,J.,Cavallari,DEU,matthew1@adventure-works.com,695-555-0161,10/20/2024
537,29644,Ms.,Brigid,F.,Cavendish,DEU,brigid0@adventure-works.com,1 (11) 500 555-0178,10/20/2024
538,29645,Mr.,Andrew,,Cencini,DEU,andrew2@adventure-works.com,644-555-0111,10/20/2024
539,29646,Ms.,Stacey,M.,Cereghino,DEU,stacey0@adventure-works.com,351-555-0131,10/20/2024
540,29649,Mr.,Pat,A.,Chambers,DEU,pat1@adventure-works.com,127-555-0124,10/20/2024
541,29650,Mr.,Forrest,J.,Chandler,DEU,forrest0@adventure-works.com,448-555-0179,10/20/2024
542,29651,Mr.,Lee,J.,Chapla,DEU,lee0@adventure-works.com,223-555-0184,10/20/2024
543,29653,Mr.,Pei,,Chow,DEU,pei0@adventure-works.com,789-555-0184,10/20/2024
544,29654,Mr.,Yao-Qiang,,Cheng,DEU,yao-qiang0@adventure-works.com,344-555-0181,10/20/2024
545,29655,Ms.,Nicky,E.,Chesnut,DEU,nicky0@adventure-works.com,264-555-0164,10/20/2024
546,29659,Ms.,Ruth,A.,Choin,DEU,ruth1@adventure-works.com,273-555-0181,10/20/2024
547,29660,Mr.,Anthony,,Chor,DEU,anthony0@adventure-works.com,429-555-0145,10/20/2024
548,29662,Ms.,Jill,J.,Christie,DEU,jill1@adventure-works.com,927-555-0198,10/20/2024
549,29663,Ms.,Alice,,Clark,DEU,alice1@adventure-works.com,221-555-0141,10/20/2024
550,29666,Ms.,Jane,,Clayton,DEU,jane1@adventure-works.com,206-555-0195,10/20/2024
551,29668,Ms.,Connie,L.,Coffman,DEU,connie0@adventure-works.com,426-555-0181,10/20/2024
552,29671,Mr.,Pat,,Coleman,DEU,pat2@adventure-works.com,292-555-0128,10/20/2024
553,29673,Mr.,John,L.,Colon,DEU,john14@adventure-works.com,397-555-0144,10/20/2024
554,29674,Mr.,Scott,A.,Colvin,DEU,scott1@adventure-works.com,119-555-0144,10/20/2024
555,29677,Mr.,William,J.,Conner,DEU,william1@adventure-works.com,383-555-0111,10/20/2024
556,29680,Ms.,Dorothy,J.,Contreras,DEU,dorothy0@adventure-works.com,428-555-0176,10/20/2024
557,29682,Mr.,Scott,,Cooper,DEU,scott2@adventure-works.com,773-555-0182,10/20/2024
558,29683,Ms.,Eva,,Corets,DEU,eva0@adventure-works.com,542-555-0164,10/20/2024
559,29684,Mr.,Marlin,M.,Coriell,DEU,marlin0@adventure-works.com,941-555-0155,10/20/2024
560,29686,Mr.,Jack,,Creasey,DEU,jack2@adventure-works.com,539-555-0182,10/20/2024
561,29688,Mr.,Grant,,Culbertson,DEU,grant1@adventure-works.com,859-555-0173,10/20/2024
562,29689,Mr.,Scott,,Culp,DEU,scott3@adventure-works.com,119-555-0167,10/20/2024
563,29690,Mr.,Conor,,Cunningham,DEU,conor0@adventure-works.com,115-555-0113,10/20/2024
564,29692,Mr.,Thierry,,D'Hers,DEU,thierry1@adventure-works.com,680-555-0192,10/20/2024
565,29695,Ms.,Megan,N.,Davis,DEU,megan1@adventure-works.com,839-555-0198,10/20/2024
566,29696,Sr.,Alvaro,,De Matos Miranda Filho,DEU,alvaro0@adventure-works.com,551-555-0155,10/20/2024
567,29698,Mr.,Jacob,N.,Dean,DEU,jacob0@adventure-works.com,767-555-0151,10/20/2024
568,29699,Mr.,Alexander,J.,Deborde,DEU,alexander1@adventure-works.com,394-555-0176,10/20/2024
569,29702,Ms.,Aidan,,Delaney,DEU,aidan0@adventure-works.com,358-555-0188,10/20/2024
570,29703,Mr.,Stefan,,Delmarco,DEU,stefan0@adventure-works.com,819-555-0186,10/20/2024
571,29705,Ms.,Della,F.,Demott Jr,DEU,della0@adventure-works.com,752-555-0185,10/20/2024
572,29708,Mr.,Prashanth,,Desai,DEU,prashanth0@adventure-works.com,138-555-0156,10/20/2024
573,29709,Ms.,Bev,L.,Desalvo,DEU,bev0@adventure-works.com,143-555-0113,10/20/2024
574,29710,Ms.,Brenda,,Diaz,DEU,brenda2@adventure-works.com,147-555-0192,10/20/2024
575,29711,Ms.,Gabriele,,Dickmann,DEU,gabriele0@adventure-works.com,835-555-0116,10/20/2024
576,29713,Mr.,Dick,,Dievendorff,DEU,dick1@adventure-works.com,1 (11) 500 555-0193,10/20/2024
577,29714,Mr.,Rudolph,J.,Dillon,DEU,rudolph0@adventure-works.com,722-555-0169,10/20/2024
578,29716,Mr.,Blaine,,Dockter,DEU,blaine0@adventure-works.com,156-555-0187,10/20/2024
579,29717,Ms.,Cindy,M.,Dodd,DEU,cindy0@adventure-works.com,706-555-0140,10/20/2024
580,29719,Ms.,Patricia,,Doyle,DEU,patricia0@adventure-works.com,899-555-0134,10/20/2024
581,29720,Mr.,Gerald,M.,Drury,DEU,gerald0@adventure-works.com,169-555-0178,10/20/2024
582,29722,Mr.,Reuben,,D'sa,DEU,reuben1@adventure-works.com,916-555-0137,10/20/2024
583,29727,Mr.,Bart,,Duncan,DEU,bart0@adventure-works.com,539-555-0121,10/20/2024
584,29728,Mr.,Maciej,,Dusza,DEU,maciej1@adventure-works.com,962-555-0144,10/20/2024
585,29730,Ms.,Linda,R.,Ecoffey,DEU,linda5@adventure-works.com,674-555-0188,10/20/2024
586,29732,Ms.,Carol,B.,Elliott,DEU,carol2@adventure-works.com,847-555-0151,10/20/2024
587,29733,Ms.,Shannon,P.,Elliott,DEU,shannon0@adventure-works.com,425-555-0158,10/20/2024
588,29734,Ms.,Jauna,E.,Elson,DEU,jauna0@adventure-works.com,185-555-0190,10/20/2024
589,29736,Mr.,Terry,,Eminhizer,DEU,terry1@adventure-works.com,1 (11) 500 555-0176,10/20/2024
590,29737,Mr.,John,,Emory,DEU,john16@adventure-works.com,691-555-0149,10/20/2024
591,29738,Ms.,Gail,,Erickson,DEU,gail1@adventure-works.com,834-555-0132,10/20/2024
592,29739,Mr.,Mark,B,Erickson,DEU,mark2@adventure-works.com,962-555-0112,10/20/2024
593,29740,Ms.,Martha,R.,Espinoza,DEU,martha0@adventure-works.com,753-555-0179,10/20/2024
594,29741,Sra.,Janeth,,Esteves,DEU,janeth1@adventure-works.com,1 (11) 500 555-0136,10/20/2024
595,29742,Ms.,Twanna,R.,Evans,DEU,twanna0@adventure-works.com,554-555-0124,10/20/2024
596,29743,Ms.,Ann,R.,Evans,DEU,ann1@adventure-works.com,252-555-0127,10/20/2024
597,29744,Mr.,John,,Evans,DEU,john17@adventure-works.com,581-555-0172,10/20/2024
598,29747,Ms.,Carolyn,,Farino,DEU,carolyn0@adventure-works.com,957-555-0125,10/20/2024
599,29748,Ms.,Geri,P.,Farrell,DEU,geri0@adventure-works.com,329-555-0183,10/20/2024
600,29750,Ms.,Rhoda,J.,Finley,DEU,rhoda0@adventure-works.com,920-555-0191,10/20/2024
601,29753,Ms.,Kathie,,Flood,DEU,kathie1@adventure-works.com,627-555-0192,10/20/2024
602,29755,Ms.,Kelly,,Focht,DEU,kelly0@adventure-works.com,272-555-0123,10/20/2024
603,29757,Mr.,Garth,,Fort,DEU,garth0@adventure-works.com,768-555-0125,10/20/2024
604,29758,Ms.,Dorothy,J.,Fox,DEU,dorothy1@adventure-works.com,191-555-0198,10/20/2024
605,29761,Ms.,Susan,E.,French,DEU,susan3@adventure-works.com,994-555-0194,10/20/2024
606,29763,Mr.,Mihail,,Frintu,DEU,mihail1@adventure-works.com,777-555-0163,10/20/2024
607,29764,Mr.,John,,Ford,DEU,john19@adventure-works.com,596-555-0153,10/20/2024
608,29765,Mr.,Paul,J.,Fulton,DEU,paul3@adventure-works.com,492-555-0146,10/20/2024
609,29766,Mr.,Bob,,Gage,DEU,bob1@adventure-works.com,962-555-0175,10/20/2024
610,29768,Mr.,Michael,,Galos,DEU,michael15@adventure-works.com,912-555-0149,10/20/2024
611,29769,Mr.,Jon,,Ganio,DEU,jon0@adventure-works.com,672-555-0112,10/20/2024
612,29770,Ms.,Kathleen,M.,Garza,DEU,kathleen0@adventure-works.com,150-555-0127,10/20/2024
613,29771,Mr.,Dominic,P.,Gash,DEU,dominic0@adventure-works.com,192-555-0173,10/20/2024
614,29772,Ms.,Janet,M.,Gates,DEU,janet1@adventure-works.com,710-555-0173,10/20/2024
615,29773,Mr.,Orlando,N.,Gee,DEU,orlando0@adventure-works.com,245-555-0173,10/20/2024
616,29774,Mr.,Darren,,Gehring,DEU,darren0@adventure-works.com,417-555-0182,10/20/2024
617,29775,Mr.,Jim,,Geist,DEU,jim1@adventure-works.com,724-555-0161,10/20/2024
618,29776,Ms.,Barbara,J.,German,DEU,barbara4@adventure-works.com,1 (11) 500 555-0181,10/20/2024
619,29778,Mr.,Leo,,Giakoumakis,DEU,leo0@adventure-works.com,1 (11) 500 555-0169,10/20/2024
620,29780,Mr.,CADnces,J.,Giglio,DEU,CADnces1@adventure-works.com,692-555-0136,10/20/2024
621,29781,Mr.,Guy,,Gilbert,DEU,guy0@adventure-works.com,583-555-0198,10/20/2024
622,29782,Ms.,Janet,J.,Gilliat,DEU,janet2@adventure-works.com,521-555-0183,10/20/2024
623,29783,Ms.,Mary,M.,Gimmi,DEU,mary6@adventure-works.com,149-555-0196,10/20/2024
624,29784,Ms.,Jeanie,R.,Glenn,DEU,jeanie0@adventure-works.com,669-555-0149,10/20/2024
625,29785,Ms.,Diane,R.,Glimp,DEU,diane3@adventure-works.com,898-555-0137,10/20/2024
626,29787,Mr.,Scott,,Gode,DEU,scott4@adventure-works.com,164-555-0145,10/20/2024
627,29788,Mr.,Mete,,Goktepe,DEU,mete0@adventure-works.com,637-555-0120,10/20/2024
628,29789,Mr.,Brian,R,Goldstein,DEU,brian4@adventure-works.com,495-555-0161,10/20/2024
629,29792,Ms.,Abigail,J.,Gonzalez,DEU,abigail0@adventure-works.com,121-555-0139,10/20/2024
630,29793,Mr.,Michael,,Graff,DEU,michael16@adventure-works.com,132-555-0150,10/20/2024
631,29794,Mr.,Derek,,Graham,DEU,derek0@adventure-works.com,674-555-0187,10/20/2024
632,29796,Mr.,Jon,,Grande,DEU,jon1@adventure-works.com,1 (11) 500 555-0114,10/20/2024
633,29797,Ms.,Jane,P.,Greer,DEU,jane2@adventure-works.com,737-555-0163,10/20/2024
634,29799,Mr.,Douglas,,Groncki,DEU,douglas2@adventure-works.com,385-555-0140,10/20/2024
635,29800,Mr.,Brian,,Groth,DEU,brian5@adventure-works.com,461-555-0118,10/20/2024
636,29803,Ms.,Hattie,J.,Haemon,DEU,hattie0@adventure-works.com,141-555-0172,10/20/2024
637,29805,Ms.,Erin,M.,Hagens,DEU,erin1@adventure-works.com,244-555-0127,10/20/2024
638,29806,Ms.,Betty,M.,Haines,DEU,betty0@adventure-works.com,867-555-0114,10/20/2024
639,29807,Mr.,Bryan,,Hamilton,DEU,bryan2@adventure-works.com,344-555-0144,10/20/2024
640,29809,Mr.,Kerim,,Hanif,DEU,kerim0@adventure-works.com,216-555-0122,10/20/2024
641,29810,Ms.,Jean,P.,Handley,DEU,jean1@adventure-works.com,582-555-0113,10/20/2024
642,29813,Ms.,Katherine,,Harding,DEU,katherine0@adventure-works.com,926-555-0159,10/20/2024
643,29815,Mr.,Lucy,,Harrington,DEU,lucy0@adventure-works.com,828-555-0186,10/20/2024
644,29816,Mr.,Keith,,Harris,DEU,keith0@adventure-works.com,170-555-0127,10/20/2024
645,29818,Mr.,Roger,,Harui,DEU,roger0@adventure-works.com,774-555-0133,10/20/2024
646,29819,Ms.,Ann,T.,Hass,DEU,ann2@adventure-works.com,713-555-0168,10/20/2024
647,29822,Mr.,James,B.,Haugh,DEU,james8@adventure-works.com,763-555-0120,10/20/2024
648,29824,Ms.,Brenda,F.,Heaney,DEU,brenda3@adventure-works.com,393-555-0167,10/20/2024
649,29826,Mr.,John,,Hanson,DEU,john20@adventure-works.com,107-555-0117,10/20/2024
650,29827,Ms.,Valerie,M.,Hendricks,DEU,valerie0@adventure-works.com,859-555-0140,10/20/2024
651,29830,Mr.,Kari,,Hensien,DEU,kari0@adventure-works.com,143-555-0129,10/20/2024
652,29831,Ms.,Irene,J.,Hernandez,DEU,irene0@adventure-works.com,790-555-0197,10/20/2024
653,29832,Mr.,Jésus,,Hernandez,DEU,jésus0@adventure-works.com,214-555-0145,10/20/2024
654,29834,Ms.,Cheryl,M.,Herring,DEU,cheryl0@adventure-works.com,158-555-0154,10/20/2024
655,29835,Mr.,Ronald,K.,Heymsfield,DEU,ronald1@adventure-works.com,784-555-0120,10/20/2024
656,29840,Mr.,Andrew,R.,Hill,DEU,andrew4@adventure-works.com,194-555-0149,10/20/2024
657,29842,Mr.,Mike,,Hines,DEU,mike3@adventure-works.com,454-555-0160,10/20/2024
658,29843,Mr.,Matthew,,Hink,DEU,matthew3@adventure-works.com,146-555-0176,10/20/2024
659,29847,Mr.,David,,Hodgson,DEU,david16@adventure-works.com,969-555-0117,10/20/2024
660,29848,Ms.,Helge,,Hoeing,DEU,helge0@adventure-works.com,850-555-0198,10/20/2024
661,29850,Mr.,Bob,,Hodges,DEU,bob2@adventure-works.com,129-555-0120,10/20/2024
662,29851,Ms.,Jean,J.,Holloway,DEU,jean2@adventure-works.com,1 (11) 500 555-0181,10/20/2024
663,29852,Mr.,Eddie,M.,Holmes,DEU,eddie0@adventure-works.com,570-555-0199,10/20/2024
664,29853,Ms.,Juanita,J.,Holman,DEU,juanita0@adventure-works.com,996-555-0196,10/20/2024
665,29854,Mr.,Peter,,Houston,DEU,peter3@adventure-works.com,632-555-0171,10/20/2024
666,29855,Mr.,Curtis,P.,Howard,DEU,curtis0@adventure-works.com,555-555-0162,10/20/2024
667,29857,Ms.,Janice,K.,Hows,DEU,janice1@adventure-works.com,1 (11) 500 555-0119,10/20/2024
668,29858,Mr.,George,M.,Huckaby,DEU,george1@adventure-works.com,851-555-0127,10/20/2024
669,29859,Mr.,Joshua,J.,Huff,DEU,joshua0@adventure-works.com,190-555-0186,10/20/2024
670,29860,Ms.,Arlene,,Huff,DEU,arlene0@adventure-works.com,1 (11) 500 555-0146,10/20/2024
671,29861,Ms.,Phyllis,R.,Huntsman,DEU,phyllis1@adventure-works.com,153-555-0195,10/20/2024
672,29862,Mr.,Lawrence,E.,Hurkett,DEU,lawrence0@adventure-works.com,129-555-0185,10/20/2024
673,29863,Mr.,Ryan,,Ihrig,DEU,ryan4@adventure-works.com,809-555-0152,10/20/2024
674,29864,Ms.,Beth,,Inghram,DEU,beth0@adventure-works.com,718-555-0152,10/20/2024
675,29865,Mr.,Lucio,,Iallo,DEU,lucio0@adventure-works.com,199-555-0135,10/20/2024
676,29866,Mr.,Richard,L.,Irwin,DEU,richard4@adventure-works.com,367-555-0124,10/20/2024
677,29867,Mr.,Erik,,Ismert,DEU,erik0@adventure-works.com,116-555-0163,10/20/2024
678,29868,Ms.,Denean,J.,Ison,DEU,denean0@adventure-works.com,1 (11) 500 555-0127,10/20/2024
679,29870,Mr.,Bronson,R.,Jacobs,DEU,bronson0@adventure-works.com,697-555-0131,10/20/2024
680,29871,Mr.,Eric,A.,Jacobsen,DEU,eric5@adventure-works.com,703-555-0120,10/20/2024
681,29872,Ms.,Jodan,M.,Jacobson,DEU,jodan0@adventure-works.com,652-555-0189,10/20/2024
682,29873,Ms.,Mary,,Alexander,DEU,mary7@adventure-works.com,344-555-0133,10/20/2024
683,29874,Mr.,David,,Jaffe,DEU,david17@adventure-works.com,1 (11) 500 555-0140,10/20/2024
684,29876,Ms.,Vance,P.,Johns,DEU,vance0@adventure-works.com,103-555-0151,10/20/2024
685,29877,Ms.,Joyce,,Jarvis,DEU,joyce0@adventure-works.com,458-555-0179,10/20/2024
686,29879,Mr.,Stephen,Yuan,Jiang,DEU,stephen3@adventure-works.com,910-555-0116,10/20/2024
687,29881,Ms.,Danielle,B.,Johnson,DEU,danielle1@adventure-works.com,356-555-0190,10/20/2024
688,29883,Mr.,Barry,,Johnson,DEU,barry1@adventure-works.com,858-555-0140,10/20/2024
689,29884,Mr.,Brian,,Johnson,DEU,brian6@adventure-works.com,320-555-0134,10/20/2024
690,29885,Mr.,David,,Johnson,DEU,david18@adventure-works.com,476-555-0139,10/20/2024
691,29889,Ms.,Jean,,Jordan,DEU,jean3@adventure-works.com,207-555-0129,10/20/2024
692,29890,Ms.,Peggy,J.,Justice,DEU,peggy0@adventure-works.com,170-555-0189,10/20/2024
693,29891,Ms.,Diane,F.,Krane,DEU,adventure-works\michael9,diane4@adventure-works.com,10/20/2024
694,29892,Ms.,Sandra,T.,Kitt,DEU,sandra2@adventure-works.com,303-555-0117,10/20/2024
695,29893,Mr.,Sandeep,,Kaliyath,DEU,sandeep1@adventure-works.com,495-555-0113,10/20/2024
696,29895,Ms.,Lori,,Kane,DEU,lori2@adventure-works.com,765-555-0141,10/20/2024
697,29897,Ms.,Kay,E.,Krane,DEU,kay0@adventure-works.com,731-555-0187,10/20/2024
698,29898,Mr.,Sandeep,,Katyal,DEU,sandeep2@adventure-works.com,928-555-0117,10/20/2024
699,29900,Mr.,Victor,A.,Kelley,DEU,victor0@adventure-works.com,112-555-0195,10/20/2024
700,29901,Mr.,John,,Kelly,AUS,john22@adventure-works.com,330-555-0116,10/20/2024
701,29902,Mr.,Robert,,Kelly,AUS,robert7@adventure-works.com,510-555-0123,10/20/2024
702,29903,Mr.,Kevin,,Kennedy,AUS,kevin4@adventure-works.com,275-555-0179,10/20/2024
703,29904,Ms.,Mary,R.,Kesslep,AUS,mary8@adventure-works.com,1 (11) 500 555-0146,10/20/2024
704,29905,Ms.,Elizabeth,,Keyser,AUS,elizabeth2@adventure-works.com,656-555-0173,10/20/2024
705,29906,Mr.,Imtiaz,,Khan,AUS,imtiaz0@adventure-works.com,249-555-0179,10/20/2024
706,29907,Ms.,Karan,,Khanna,AUS,karan1@adventure-works.com,390-555-0150,10/20/2024
707,29908,Mr.,Joe,,Kim,AUS,joe1@adventure-works.com,1 (11) 500 555-0144,10/20/2024
708,29910,Mr.,Shane,S.,Kim,AUS,shane2@adventure-works.com,155-555-0149,10/20/2024
709,29911,Mr.,Tim,,Kim,AUS,tim0@adventure-works.com,244-555-0115,10/20/2024
710,29913,Mr.,Anton,,Kirilov,AUS,anton0@adventure-works.com,608-555-0162,10/20/2024
711,29914,Mr.,Christian,,Kleinerman,AUS,christian1@adventure-works.com,362-555-0177,10/20/2024
712,29915,Mr.,Andrew,P.,Kobylinski,AUS,andrew5@adventure-works.com,129-555-0185,10/20/2024
713,29918,Mr.,Kirk,T,King,AUS,kirk2@adventure-works.com,979-555-0163,10/20/2024
714,29919,Mr.,Eugene,,Kogan,AUS,eugene2@adventure-works.com,136-555-0134,10/20/2024
715,29920,Mr.,Scott,,Konersmann,AUS,scott6@adventure-works.com,556-555-0192,10/20/2024
716,29921,Ms.,Joy,R.,Koski,AUS,joy0@adventure-works.com,810-555-0198,10/20/2024
717,29922,Ms.,Pamala,M.,Kotc,AUS,pamala0@adventure-works.com,1 (11) 500 555-0173,10/20/2024
718,29924,Mr.,Mitch,,Kennedy,AUS,mitch0@adventure-works.com,996-555-0192,10/20/2024
719,29925,Ms.,Margaret,T.,Krupka,AUS,margaret1@adventure-works.com,107-555-0132,10/20/2024
720,29926,Mr.,Deepak,,Kumar,AUS,deepak0@adventure-works.com,1 (11) 500 555-0122,10/20/2024
721,29928,Mr.,Vamsi,,Kuppa,AUS,vamsi1@adventure-works.com,290-555-0196,10/20/2024
722,29929,Mr.,Jeffrey,,Kurtz,AUS,jeffrey3@adventure-works.com,452-555-0179,10/20/2024
723,29930,Mr.,Peter,,Kurniawan,AUS,peter4@adventure-works.com,436-555-0160,10/20/2024
724,29931,Mr.,Eric,,Lang,AUS,eric6@adventure-works.com,932-555-0163,10/20/2024
725,29932,Ms.,Rebecca,,Laszlo,AUS,rebecca2@adventure-works.com,1 (11) 500 555-0155,10/20/2024
726,29934,Mr.,David,O,Lawrence,AUS,david19@adventure-works.com,653-555-0159,10/20/2024
727,29935,Ms.,Elsa,,Leavitt,AUS,elsa0@adventure-works.com,482-555-0174,10/20/2024
728,29936,Mr.,Michael,J.,Lee,AUS,michael18@adventure-works.com,396-555-0139,10/20/2024
729,29937,Ms.,Marjorie,M.,Lee,AUS,marjorie0@adventure-works.com,306-555-0166,10/20/2024
730,29938,Mr.,CADnk,,Campbell,AUS,CADnk4@adventure-works.com,491-555-0132,10/20/2024
731,29939,Mr.,Mark,,Lee,AUS,mark5@adventure-works.com,371-555-0112,10/20/2024
732,29941,Ms.,Jolie,,Lenehan,AUS,jolie0@adventure-works.com,1 (11) 500 555-0126,10/20/2024
733,29942,Mr.,Roger,,Lengel,AUS,roger1@adventure-works.com,947-555-0143,10/20/2024
734,29943,,A.,CADncesca,Leonetti,AUS,a0@adventure-works.com,645-555-0193,10/20/2024
735,29944,Ms.,Bonnie,B.,Lepro,AUS,bonnie2@adventure-works.com,354-555-0130,10/20/2024
736,29946,Ms.,Linda,,Leste,AUS,linda7@adventure-works.com,493-555-0134,10/20/2024
737,29948,Ms.,Elsie,L.,Lewin,AUS,elsie0@adventure-works.com,803-555-0116,10/20/2024
738,29949,Mr.,George,Z.,Li,AUS,george3@adventure-works.com,699-555-0183,10/20/2024
739,29950,Mr.,Yale,,Li,AUS,yale0@adventure-works.com,316-555-0138,10/20/2024
740,29952,Ms.,Yuhong,,Li,AUS,yuhong1@adventure-works.com,1 (11) 500 555-0176,10/20/2024
741,29953,Mr.,Joseph,M.,Lique,AUS,joseph2@adventure-works.com,119-555-0195,10/20/2024
742,29954,Mr.,Paulo,H.,Lisboa,AUS,paulo0@adventure-works.com,380-555-0116,10/20/2024
743,29955,Mr.,David,J.,Liu,AUS,david20@adventure-works.com,440-555-0132,10/20/2024
744,29956,,Jinghao,,Liu,AUS,jinghao1@adventure-works.com,928-555-0116,10/20/2024
745,29957,Mr.,Kevin,,Liu,AUS,kevin5@adventure-works.com,926-555-0164,10/20/2024
746,29959,Mr.,Todd,R.,Logan,AUS,todd0@adventure-works.com,783-555-0110,10/20/2024
747,29962,Ms.,Sharon,J.,Looney,AUS,sharon2@adventure-works.com,377-555-0132,10/20/2024
748,29964,Ms.,Anita,R.,Lucerne,AUS,anita0@adventure-works.com,164-555-0118,10/20/2024
749,29967,Ms.,Judy,R.,Lundahl,AUS,judy1@adventure-works.com,260-555-0130,10/20/2024
750,29969,Mr.,Robert,P.,Lyeba,AUS,robert8@adventure-works.com,631-555-0155,10/20/2024
751,29971,Mr.,Robert,,Lyon,AUS,robert9@adventure-works.com,666-555-0143,10/20/2024
752,29973,Ms.,Denise,R.,Maccietto,AUS,denise1@adventure-works.com,537-555-0190,10/20/2024
753,29974,Mr.,Scott,,MacDonald,AUS,scott7@adventure-works.com,470-555-0171,10/20/2024
754,29975,Mr.,Walter,J.,Mays,AUS,walter1@adventure-works.com,245-555-0191,10/20/2024
755,29978,Mr.,Ajay,,Manchepalli,AUS,ajay0@adventure-works.com,1 (11) 500 555-0174,10/20/2024
756,29980,Mr.,Tomas,M.,Manzanares,AUS,tomas0@adventure-works.com,1 (11) 500 555-0178,10/20/2024
757,29981,Ms.,Kathy,R.,Marcovecchio,AUS,kathy0@adventure-works.com,942-555-0141,10/20/2024
758,29982,Ms.,Melissa,R.,Marple,AUS,melissa0@adventure-works.com,685-555-0117,10/20/2024
759,29983,Ms.,Cecelia,L.,Marshall,AUS,cecelia0@adventure-works.com,394-555-0168,10/20/2024
760,29985,Ms.,Linda,,Martin,AUS,linda8@adventure-works.com,1 (11) 500 555-0137,10/20/2024
761,29987,Mr.,CADnk,,Mart¡nez,AUS,CADnk5@adventure-works.com,171-555-0147,10/20/2024
762,29988,Mr.,Steve,,Masters,AUS,steve2@adventure-works.com,154-555-0115,10/20/2024
763,29990,Ms.,Jennifer,J.,Maxham,AUS,jennifer1@adventure-works.com,1 (11) 500 555-0175,10/20/2024
764,29991,Mr.,Chris,,Maxwell,AUS,chris6@adventure-works.com,642-555-0187,10/20/2024
765,29992,Ms.,Sandra,B.,Maynard,AUS,sandra4@adventure-works.com,993-555-0179,10/20/2024
766,29994,Ms.,Robin,M.,McGuigan,AUS,adventure-works\josé1,robin0@adventure-works.com,10/20/2024
767,29997,Ms.,Lola,M.,McCarthy,AUS,lola0@adventure-works.com,173-555-0151,10/20/2024
768,29998,Ms.,Jane,A.,McCarty,AUS,jane3@adventure-works.com,529-555-0195,10/20/2024
769,30000,Mr.,James,L.,McCoy,AUS,james12@adventure-works.com,191-555-0151,10/20/2024
770,30003,Ms.,Yvonne,,McKay,AUS,yvonne1@adventure-works.com,623-555-0144,10/20/2024
771,30004,Ms.,Nkenge,,McLin,AUS,nkenge0@adventure-works.com,158-555-0123,10/20/2024
772,30005,Ms.,Nancy,A.,McPhearson,AUS,nancy3@adventure-works.com,1 (11) 500 555-0195,10/20/2024
773,30007,Ms.,Raquel,,Mello,AUS,raquel0@adventure-works.com,723-555-0124,10/20/2024
774,30008,Mr.,R. Morgan,L.,Mendoza,AUS,rmorgan0@adventure-works.com,963-555-0146,10/20/2024
775,30010,Mr.,Stephen,A.,Mew,AUS,stephen4@adventure-works.com,399-555-0114,10/20/2024
776,30012,Ms.,Helen,M.,Meyer,AUS,helen2@adventure-works.com,519-555-0112,10/20/2024
777,30016,Mr.,Thomas,R.,Michaels,AUS,thomas2@adventure-works.com,162-555-0174,10/20/2024
778,30018,Ms.,Virginia,L.,Miller,AUS,virginia0@adventure-works.com,918-555-0127,10/20/2024
779,30019,Mr.,Matthew,J.,Miller,AUS,matthew5@adventure-works.com,1 (11) 500 555-0176,10/20/2024
780,30021,Mr.,Ben,,Miller,AUS,ben1@adventure-works.com,207-555-0167,10/20/2024
781,30022,Mr.,Dylan,,Miller,AUS,dylan1@adventure-works.com,140-555-0192,10/20/2024
782,30023,Mr.,CADnk,,Miller,AUS,CADnk6@adventure-works.com,118-555-0184,10/20/2024
783,30024,Ms.,Neva,M.,Mitchell,AUS,neva0@adventure-works.com,992-555-0134,10/20/2024
784,30025,Ms.,Linda,,Mitchell,AUS,linda9@adventure-works.com,1 (11) 500 555-0182,10/20/2024
785,30027,Mr.,Joseph,P.,Mitzner,AUS,joseph4@adventure-works.com,129-555-0164,10/20/2024
786,30028,Ms.,Laura,C.,Steele,AUS,laura3@adventure-works.com,741-555-0173,10/20/2024
787,30029,Ms.,Shanay,B.,Steelman,AUS,shanay0@adventure-works.com,797-555-0118,10/20/2024
788,30030,Mr.,Stefano,,Stefani,AUS,stefano0@adventure-works.com,1 (11) 500 555-0115,10/20/2024
789,30031,Mr.,Alan,,Steiner,AUS,alan4@adventure-works.com,792-555-0194,10/20/2024
790,30032,Mr.,Derik,,Stenerson,AUS,derik0@adventure-works.com,441-555-0144,10/20/2024
791,30033,Mr.,Vassar,J.,Stern,AUS,vassar0@adventure-works.com,328-555-0123,10/20/2024
792,30034,Ms.,Wathalee,R.,Steuber,AUS,wathalee0@adventure-works.com,517-555-0120,10/20/2024
793,30035,Ms.,Alice,M.,Steiner,AUS,alice4@adventure-works.com,355-555-0180,10/20/2024
794,30036,Ms.,Liza Marie,N.,Stevens,AUS,lizamarie0@adventure-works.com,366-555-0110,10/20/2024
795,30037,Mr.,Jim,,Stewart,AUS,jim5@adventure-works.com,226-555-0110,10/20/2024
796,30039,Mr.,Robert,B.,Stotka,AUS,robert12@adventure-works.com,493-555-0185,10/20/2024
797,30040,Ms.,Kayla,M.,Stotler,AUS,kayla0@adventure-works.com,315-555-0131,10/20/2024
798,30042,Ms.,Ruby Sue,R.,Styles,AUS,rubysue0@adventure-works.com,512-555-0122,10/20/2024
799,30044,Mr.,Gary,J.,Suess,AUS,gary5@adventure-works.com,1 (11) 500 555-0199,10/20/2024
800,30045,Ms.,Ruth,J.,Suffin,AUS,ruth2@adventure-works.com,924-555-0195,10/20/2024
801,30046,Ms.,Elizabeth,J.,Sullivan,AUS,elizabeth4@adventure-works.com,306-555-0112,10/20/2024
802,30047,Mr.,Michael,,Sullivan,AUS,michael24@adventure-works.com,323-555-0113,10/20/2024
803,30048,Ms.,Marcia,J.,Sultan,AUS,marcia0@adventure-works.com,613-555-0116,10/20/2024
804,30050,Mr.,Krishna,,Sunkammurali,AUS,krishna1@adventure-works.com,1 (11) 500 555-0177,10/20/2024
805,30051,Mr.,Brad,,Sutton,AUS,brad0@adventure-works.com,688-555-0115,10/20/2024
806,30052,Mr.,Abraham,L.,Swearengin,AUS,abraham0@adventure-works.com,926-555-0136,10/20/2024
807,30053,Ms.,Katherine,K.,Swan,AUS,katherine1@adventure-works.com,421-555-0192,10/20/2024
808,30055,Ms.,Julie,,Taft-Rider,AUS,julie1@adventure-works.com,145-555-0194,10/20/2024
809,30056,Mr.,Clarence,R.,Tatman,AUS,clarence0@adventure-works.com,787-555-0128,10/20/2024
810,30058,Mr.,Mike,M.,Taylor,AUS,mike6@adventure-works.com,204-555-0189,10/20/2024
811,30061,Mr.,Chad,J.,Tedford,AUS,chad1@adventure-works.com,588-555-0128,10/20/2024
812,30063,Ms.,Vanessa,J.,Tench,AUS,vanessa0@adventure-works.com,785-555-0163,10/20/2024
813,30064,Ms.,Judy,J.,Thames,AUS,judy3@adventure-works.com,799-555-0118,10/20/2024
814,30067,Ms.,Phyllis,A.,Thomas,AUS,phyllis2@adventure-works.com,667-555-0112,10/20/2024
815,30069,Mr.,Donald,M.,Thompson,AUS,donald1@adventure-works.com,273-555-0111,10/20/2024
816,30070,Ms.,Kendra,N.,Thompson,AUS,kendra0@adventure-works.com,464-555-0188,10/20/2024
817,30071,Mr.,Daniel,P.,Thompson,AUS,daniel2@adventure-works.com,247-555-0197,10/20/2024
818,30072,Ms.,Andrea,A.,Thomsen,AUS,andrea1@adventure-works.com,1 (11) 500 555-0120,10/20/2024
819,30074,Ms.,Yuping,,Tian,AUS,yuping0@adventure-works.com,744-555-0123,10/20/2024
820,30076,Ms.,Diane,,Tibbott,AUS,diane5@adventure-works.com,847-555-0184,10/20/2024
821,30080,Ms.,Delia,B.,Toone,AUS,delia0@adventure-works.com,328-555-0192,10/20/2024
822,30083,Mr.,Glenn,J.,Track,AUS,glenn0@adventure-works.com,907-555-0170,10/20/2024
823,30087,Mr.,Billy,J.,Trent,AUS,billy0@adventure-works.com,882-555-0115,10/20/2024
824,30089,Mr.,Michael John,R.,Troyer,AUS,michaeljohn0@adventure-works.com,308-555-0175,10/20/2024
825,30090,Ms.,Christie,J.,Trujillo,AUS,christie0@adventure-works.com,686-555-0180,10/20/2024
826,30093,Ms.,Phyllis,B.,Tuffield,AUS,phyllis3@adventure-works.com,277-555-0182,10/20/2024
827,30094,Mr.,Sairaj,,Uddin,AUS,sairaj1@adventure-works.com,767-555-0193,10/20/2024
828,30095,Mr.,Sunil,,Uppal,AUS,sunil0@adventure-works.com,184-555-0187,10/20/2024
829,30098,Ms.,Esther,K.,Valle,AUS,esther0@adventure-works.com,481-555-0131,10/20/2024
830,30100,Mr.,Jessie,E.,Valerio,AUS,jessie0@adventure-works.com,103-555-0179,10/20/2024
831,30102,Mr.,Roger,,Van Houten,AUS,roger2@adventure-works.com,1 (11) 500 555-0110,10/20/2024
832,30104,Ms.,Rose,M.,Vandenouer,AUS,rose1@adventure-works.com,1 (11) 500 555-0140,10/20/2024
833,30105,Mr.,Gregory,T.,Vanderbout,AUS,gregory1@adventure-works.com,684-555-0134,10/20/2024
834,30106,Mr.,Michael,,Vanderhyde,AUS,michael25@adventure-works.com,918-555-0141,10/20/2024
835,30107,Ms.,Margaret,J.,Vanderkamp,AUS,margaret2@adventure-works.com,265-555-0143,10/20/2024
836,30108,Ms.,Kara,N.,Vanderlinden,AUS,kara0@adventure-works.com,680-555-0160,10/20/2024
837,30109,Mr.,Nieves,J.,Vargas,AUS,nieves0@adventure-works.com,371-555-0184,10/20/2024
838,30110,Mr.,Gary,T,Vargas,AUS,gary6@adventure-works.com,112-555-0176,10/20/2024
839,30111,Mr.,Ranjit,Rudra,Varkey Chudukatil,AUS,ranjit1@adventure-works.com,810-555-0160,10/20/2024
840,30112,Ms.,Patricia,M.,Vasquez,AUS,patricia2@adventure-works.com,490-555-0132,10/20/2024
841,30113,Mr.,Raja,D.,Venugopal,AUS,raja0@adventure-works.com,1 (11) 500 555-0195,10/20/2024
842,30115,Ms.,Dora,P.,Verdad,AUS,dora0@adventure-works.com,155-555-0140,10/20/2024
843,30116,Ms.,Wanda,F.,Vernon,AUS,wanda0@adventure-works.com,433-555-0168,10/20/2024
844,30117,Mr.,Robert,R.,Vessa,AUS,robert13@adventure-works.com,560-555-0171,10/20/2024
